timestmp,X_IN,X_OUT
0.0,0.0,-0.03201561453802526
0.01001001001001001,0.3763740905408881,0.0006198718080041833
0.02002002002002002,0.7468006634006749,0.350660910418359
0.03003003003003003,1.1054261844307496,0.8373126317729646
0.04004004004004004,1.446583601406143,1.0436835893650316
0.050050050050050046,1.764881895602415,1.0090283083665963
0.06006006006006006,2.0552912714513427,1.1511754711554332
0.07007007007007007,2.3132226380961742,1.6525932074130127
0.08008008008008008,2.534600126867453,2.2427446466263765
0.09009009009009009,2.71592549874779,2.405176556449408
0.10010010010010009,2.8543334240495297,2.363498093814463
0.11011011011011011,2.947636760767883,2.372975693796531
0.12012012012012012,2.994361116114439,2.3759760220526807
0.13013013013013014,2.9937681450847298,2.3847879375589836
0.14014014014014015,2.94586721789252,2.639790276903101
0.15015015015015015,2.8514152719003345,2.95359096971976
0.16016016016016016,2.7119048503860483,2.8739516640663645
0.17017017017017017,2.5295405171586673,2.8808654962102813
0.18018018018018017,2.307204019722951,2.652508429001364
0.19019019019019018,2.0484087514895672,2.2370782083356096
0.20020020020020018,1.7572442326255189,2.049279227567229
0.21021021021021022,1.43831148686643,1.6886822044735421
0.22022022022022023,1.096650335475657,1.3804088348655081
0.23023023023023023,0.7376597572615516,1.1950125557983837
0.24024024024024024,0.36701257313537194,0.6189657731315157
0.2502502502502503,-0.009434196623209327,0.04054811137330985
0.2602602602602603,-0.3857318858456068,-0.1249855929208019
0.2702702702702703,-0.7559341841553755,-0.33592998974184
0.2802802802802803,-1.1141911014227048,-0.7904864201990288
0.2902902902902903,-1.4548414101524632,-1.0982996128413087
0.3003003003003003,-1.7725021050178742,-1.5339291832711042
0.3103103103103103,-2.0621534658873304,-2.0387750766376658
0.3203203203203203,-2.3192183801661526,-2.2716924722627296
0.3303303303303303,-2.539634670990181,-2.4931515929955075
0.34034034034034033,-2.7199192883306678,-2.5769045766791066
0.35035035035035034,-2.8572233486533536,-2.5483616926099804
0.36036036036036034,-2.9493771533871125,-2.3576826475222727
0.37037037037037035,-2.9949244748138044,-2.273260875590981
0.38038038038038036,-2.993145567588784,-2.4460964335308133
0.39039039039039036,-2.944068542260679,-2.5350879333949874
0.40040040040040037,-2.848468921064441,-2.5983526087716435
0.41041041041041043,-2.7078573830071013,-2.4923535632748512
0.42042042042042044,-2.524455891900151,-2.323090394622661
0.43043043043043044,-2.3011625845667965,-2.2358944621564145
0.44044044044044045,-2.0415059740657573,-2.2312006311212103
0.45045045045045046,-1.7495891916188198,-2.054434503090562
0.46046046046046046,-1.4300251483392836,-1.646223231384647
0.47047047047047047,-1.0878636413450018,-1.3126223882415935
0.4804804804804805,-0.728511556135762,-0.9097034205268553
0.4904904904904905,-0.3576474262085201,-0.572361819022339
0.5005005005005005,0.018868299948203743,-0.38786825564169725
0.5105105105105106,0.39508586650687183,-0.22596354194530102
0.5205205205205206,0.7650602292009328,-0.07159445962133473
0.5305305305305306,1.1229449997720562,0.2704858962108431
0.5405405405405406,1.4630848314409035,0.7540631588344215
0.5505505505505506,1.7801047855128616,0.9165353552450656
0.5605605605605606,2.0689952669347864,0.8482817596363834
0.5705705705705706,2.325191186638804,1.0450121785136248
0.5805805805805806,2.5446440997384068,1.6450476742901254
0.5905905905905906,2.7238861796386384,2.012236742939867
0.6006006006006006,2.8600850171322882,2.1158518436013978
0.6106106106106106,2.95108837853883,2.1552884700399537
0.6206206206206206,2.995458215611567,2.3309079146976566
0.6306306306306306,2.992493389783499,2.776723749625781
0.6406406406406406,2.9422407516601194,2.734559978933683
0.6506506506506506,2.8454944006793856,2.270949522786301
0.6606606606606606,2.703783136637835,2.0567335676450518
0.6706706706706707,2.519346301375621,2.1557336209126854
0.6806806806806807,2.29509839237367,2.16950401426518
0.6906906906906907,2.0345830074440006,2.1385335387882343
0.7007007007007007,1.7419168482858205,2.2571296092304154
0.7107107107107107,1.4217246677713307,2.2765781378244343
0.7207207207207207,1.0790661889336104,1.8621786740305841
0.7307307307307307,0.7193561504932082,1.5059368990513153
0.7407407407407407,0.3482787423756932,1.21340578987971
0.7507507507507507,-0.028302216677685673,0.6930860132654993
0.7607607607607607,-0.40443594001975125,0.17741974413744527
0.7707707707707707,-0.7741787082865473,-0.23322101070927587
0.7807807807807807,-1.1316877929083045,-0.41452966397302193
0.7907907907907907,-1.4713137837492596,-0.9644724017690406
0.8008008008008007,-1.7876898619016894,-1.501085311270679
0.8108108108108109,-2.0758166069326376,-1.460540322633884
0.8208208208208209,-2.3311409984468665,-1.7642233600153312
0.8308308308308309,-2.549628363572059,-2.118215470987137
0.8408408408408409,-2.7278261334416642,-2.105795276378775
0.8508508508508509,-2.862918401186247,-2.101537299129403
0.8608608608608609,-2.952770419300106,-2.2076657539062716
0.8708708708708709,-2.9959623332293694,-2.3357416453918995
0.8808808808808809,-2.991811618118498,-2.499514203935597
0.8908908908908909,-2.94038386416653,-2.5767020842186286
0.9009009009009009,-2.842491740161289,-2.495673554902647
0.9109109109109109,-2.699682151569955,-2.605172953118461
0.9209209209209209,-2.5142117961156814,-2.5972082316461074
0.9309309309309309,-2.289011503114582,-2.4507442311744168
0.9409409409409409,-2.0276399200880393,-2.182409700518069
0.950950950950951,-1.7342272785011115,-1.7998274910637055
0.960960960960961,-1.4134101272490547,-1.459393880390844
0.970970970970971,-1.0702580652426983,-1.1932446402017463
0.980980980980981,-0.7101936308750394,-0.9539210083571084
0.990990990990991,-0.33890661428722074,-0.7164543225899329
1.001001001001001,0.03773585351622416,-0.428079189479385
1.011011011011011,0.4137820139179649,0.002003881159130995
1.021021021021021,0.7832895312362668,0.2907477724277511
1.031031031031031,1.14041939437079,0.5683009509888636
1.0410410410410411,1.4795281856984257,0.8664424673912801
1.0510510510510511,1.7952572591727813,1.1900098014714293
1.0610610610610611,2.082617418422167,1.4552376706361638
1.0710710710710711,2.337067756750475,1.8485833584991578
1.0810810810810811,2.554587413199934,2.257899160422396
1.0910910910910911,2.7317391107761058,2.2586343105232967
1.1011011011011012,2.865723472794861,2.369880829864644
1.1111111111111112,2.954423259036624,2.697664542258376
1.1211211211211212,2.996436822681807,2.866361940467138
1.1311311311311312,2.9911002593360707,2.889130093676899
1.1411411411411412,2.93849789814335,2.8264030971357257
1.1511511511511512,2.839460969204557,2.7357055827807435
1.1611611611611612,2.695554468359602,2.427815284114345
1.1711711711711712,2.5090524268973304,2.183517776293548
1.1811811811811812,2.282901976985003,2.3229513056141347
1.1911911911911912,2.020676780660599,2.318935420429608
1.2012012012012012,1.726520558309669,2.078658776059676
1.2112112112112112,1.4050816089979825,1.8823467252443107
1.2212212212212212,1.061439357379019,1.6607830645831518
1.2312312312312312,0.7010240878927572,1.3527742377486471
1.2412412412412412,0.32953113462750205,1.1231884829047347
1.2512512512512513,-0.04716911717111889,0.6739987137002876
1.2612612612612613,-0.42312399577475707,0.2199876108396435
1.2712712712712713,-0.792392607949816,-0.070054705111722
1.2812812812812813,-1.1491397178094984,-0.501529015803938
1.2912912912912913,-1.4877279560531669,-0.7825495906199401
1.3013013013013013,-1.8028069024893698,-1.0135508040259378
1.3113113113113113,-2.0893976341476606,-1.4191230739130474
1.3213213213213213,-2.3429714029377506,-1.98657561297523
1.3313313313313313,-2.5595211995801783,-2.380924688206679
1.3413413413413413,-2.735625072945098,-2.301064561440486
1.3513513513513513,-2.8685002042177516,-2.2418297459721654
1.3613613613613613,-2.956046881402849,-2.569872109790103
1.3713713713713713,-2.996881679276482,-2.819490243645704
1.3813813813813813,-2.990359320471103,-2.768134064786307
1.3913913913913913,-2.9365828722415848,-2.745365743457871
1.4014014014014013,-2.8364021177815935,-2.8787603928984042
1.4114114114114114,-2.6914001278269453,-2.866938624545502
1.4214214214214214,-2.5038682447434537,-2.7655116438694165
1.4314314314314314,-2.276769874404266,-2.595122679057478
1.4414414414414414,-2.0136936580227136,-2.3769122421963935
1.4514514514514514,-1.718796763926063,-2.147799524630247
1.4614614614614614,-1.396739195381872,-1.7403067187064527
1.4714714714714714,-1.0526101525539993,-1.4819841536767746
1.4814814814814814,-0.6918476122273254,-1.2726250897829274
1.4914914914914914,-0.3201523961140784,-0.8294479730102494
1.5015015015015014,0.05660191435339209,-0.516744801881988
1.5115115115115114,0.43246179320386896,-0.2278764417721295
1.5215215215215214,0.8014878484035612,0.21338791947771818
1.5315315315315314,1.1578486769859766,0.4302486785558164
1.5415415415415414,1.4959130137229684,0.5932781748303778
1.5515515515515514,1.8103387171902756,0.9114052671039966
1.5615615615615615,2.096157187057094,1.483136787847118
1.5715715715715715,2.3488518786253842,1.8943358787323086
1.5815815815815815,2.5644296739207753,2.0163519451635556
1.5915915915915915,2.739483981518949,2.2348484282867407
1.6016016016016015,2.87124856799481,2.492701421528915
1.6116116116116117,2.9576412703421884,2.586394916930853
1.6216216216216217,2.997296898614044,2.738764696548745
1.6316316316316317,2.98958880885101,2.7591287763541157
1.6416416416416417,2.9346388053996244,2.6242468138864306
1.6516516516516517,2.8333152161424877,2.702959833812361
1.6616616616616617,2.6872191710557662,2.533311970568022
1.6716716716716717,2.498659300922319,2.392149831724079
1.6816816816816818,2.2706152560149784,2.257554406359322
1.6916916916916918,2.0066906212330196,1.7530872595902776
1.7017017017017018,1.7110559717337028,1.368014574200153
1.7117117117117118,1.3883829689018927,1.3554391920150517
1.7217217217217218,1.0437705380828541,1.333993773939003
1.7317317317317318,0.6826642946282465,1.0460054613521512
1.7417417417417418,0.3107704914967141,0.7465427411399338
1.7517517517517518,-0.06603415177867908,0.37189730938715454
1.7617617617617618,-0.4417953138604231,0.18004258539038703
1.7717717717717718,-0.8105751626513491,0.07139267536462708
1.7817817817817818,-1.1665461857741581,-0.241867993532682
1.7917917917917918,-1.5040832777628166,-0.6387901804943158
1.8018018018018018,-1.8178526287906458,-1.1311116081266175
1.8118118118118118,-2.1028960103027883,-1.4239394155196596
1.8218218218218218,-2.3547091256592116,-1.8164430372739249
1.8318318318318318,-2.569312787680038,-2.354354948267131
1.8418418418418419,-2.7433157983354945,-2.6097185449185427
1.8518518518518519,-2.8739685369464656,-2.7319469991881413
1.8618618618618619,-2.959206410087144,-2.698082040300359
1.8718718718718719,-2.997682476588238,-2.593259305311789
1.8818818818818819,-2.9887887320956636,-2.6179888935372673
1.8918918918918919,-2.9326657168430588,-2.6263949621360325
1.901901901901902,-2.830200294814743,-2.777647739058142
1.911911911911912,-2.6830116393930843,-2.727266374264033
1.921921921921922,-2.4934256469470824,-2.3655871863972147
1.931931931931932,-2.264438182682396,-1.992236640649716
1.941941941941942,-1.999667739547121,-1.8473836833067465
1.951951951951952,-1.7032982582841263,-1.9033411494315655
1.961961961961962,-1.3800130121958332,-1.6221252587590265
1.971971971971972,-1.0349206013837786,-1.1828273229178778
1.981981981981982,-0.6734742259127222,-0.6854786938233814
1.991991991991992,-0.3013855135565051,-0.33171938533887313
2.002002002002002,0.07546573616812952,-0.024340128913965968
2.012012012012012,0.4511244654418152,0.32717328025662046
2.022022022022022,0.8196544608254057,0.36667720082456384
2.032032032032032,1.1752321581611929,0.37869736570252976
2.042042042042042,1.5122386673739774,0.7793610685074619
2.052052052052052,1.825348562982657,1.333039182787523
2.062062062062062,2.1096140372420518,1.783776621041447
2.0720720720720722,2.360543086114772,1.9857862353494282
2.0820820820820822,2.574170492567066,2.082610071938585
2.0920920920920922,2.7471204855005067,2.356256189110749
2.1021021021021022,2.87666008417395,2.5743068949403436
2.1121121121121122,2.9607422851594807,2.6512225956682793
2.1221221221221223,2.9980384093859427,2.7687217197156295
2.1321321321321323,2.987959098117313,2.9970346141767394
2.1421421421421423,2.9306636260844767,2.9401297792267775
2.1521521521521523,2.827057384602957,2.7177024006623616
2.1621621621621623,2.6787775744487057,2.4206956652788403
2.1721721721721723,2.4881673345752464,2.235378610184343
2.1821821821821823,2.2582387154938672,2.29705155209522
2.1921921921921923,1.992625082416843,2.049853896312427
2.2022022022022023,1.6955237002961767,1.855064097573566
2.2122122122122123,1.3716294080372324,1.7734569952046262
2.2222222222222223,1.0260604299770082,1.4110257775420436
2.2322322322322323,0.6642774969646763,1.0669386869511843
2.2422422422422423,0.29199755510490355,0.7570262259984828
2.2522522522522523,-0.08489657424935117,0.31409268599683876
2.2622622622622623,-0.4604491556886489,-0.052306955387909415
2.2722722722722724,-0.8287256531372262,-0.3900730386422587
2.2822822822822824,-1.1839065082483187,-0.8558914960716105
2.2922922922922924,-1.5203791019048167,-1.2580414779660811
2.3023023023023024,-1.8328264456362704,-1.4720537520182
2.3123123123123124,-2.116311201437856,-1.8480758066382472
2.3223223223223224,-2.366353702297893,-2.357789499097804
2.3323323323323324,-2.5790027405422364,-2.47605802395141
2.3423423423423424,-2.7508980053880374,-2.4615395503928768
2.3523523523523524,-2.8793231830595665,-2.5679008622738797
2.3623623623623624,-2.9622488803703666,-2.602010985882488
2.3723723723723724,-2.998364693487208,-2.7152145358538387
2.3823823823823824,-2.9870999151205133,-2.8589719965882057
2.3923923923923924,-2.928632552923289,-2.7578874089230987
2.4024024024024024,-2.823886516588509,-2.7962478491810967
2.4124124124124124,-2.674517018094854,-2.7612681237401886
2.4224224224224224,-2.4828844158081944,-2.5631401841012518
2.4324324324324325,-2.252016915758172,-2.609827706507277
2.4424424424424425,-1.9855627194896086,-2.237270657639951
2.4524524524524525,-1.6877323746553134,-1.7533322323735256
2.4624624624624625,-1.3632322393346321,-1.624083375814825
2.4724724724724725,-1.0171901114840325,-1.4179161857229143
2.4824824824824825,-0.6550741987339402,-0.9815186374558367
2.4924924924924925,-0.28260670898287954,-0.3498805008953886
2.5025025025025025,0.09432657275735362,-0.012124113666992658
2.5125125125125125,0.4697692923856681,0.05137348853581877
2.5225225225225225,0.8377886498784886,0.1890418537711138
2.5325325325325325,1.1925691502517304,0.4172169413917432
2.5425425425425425,1.5285045008516143,0.7500390725903324
2.5525525525525525,1.8402862027999747,1.2338886359525276
2.5625625625625625,2.122987436659506,1.7191126288847578
2.5725725725725725,2.372140916745277,1.8961969082502688
2.5825825825825826,2.5838094838176904,2.0462521775937548
2.5925925925925926,2.754648320640822,2.507875682470636
2.6026026026026026,2.881957807266964,2.8381139101975674
2.6126126126126126,2.9637261808205317,2.9376894169647345
2.6226226226226226,2.998661325665291,2.7587636662309234
2.6326326326326326,2.9862111916020386,2.7119884921020567
2.6426426426426426,2.9265725174455173,2.930909061197959
2.6526526526526526,2.8206877221292777,2.777466887829009
2.6626626626626626,2.6702300124657175,2.6760806564901976
2.6726726726726726,2.477576942890627,2.577188313768268
2.6826826826826826,2.245772845004981,2.2776865903715278
2.6926926926926926,1.9784807206076964,1.9855311855807067
2.7027027027027026,1.6799243584127925,1.9040176543877494
2.7127127127127126,1.3548215891306894,1.8810232380210965
2.7227227227227226,1.0083097336266498,1.5888288644658306
2.7327327327327327,0.6458644222352694,1.0721439669833406
2.7427427427427427,0.2732130680599389,0.5005161876687894
2.7527527527527527,-0.10375563843543865,0.04717374799074652
2.7627627627627627,-0.47908478336263827,-0.019892982110779677
2.7727727727727727,-0.8468433614219084,-0.318224894662091
2.7827827827827827,-1.2012199985034082,-0.8125231920710589
2.7927927927927927,-1.5366147838593427,-1.0901681494069069
2.8028028028028027,-1.8477277607015243,-1.3219534576165841
2.8128128128128127,-2.129642676883275,-1.4075214886734342
2.8228228228228227,-2.3779046722250468,-1.7159339421301054
2.8328328328328327,-2.588590674857789,-2.0148496129904463
2.8428428428428427,-2.758371394170614,-2.2675902562346297
2.8528528528528527,-2.884563930741376,-2.4260998179913953
2.8628628628628627,-2.9651741719004185,-2.475551439009218
2.8728728728728727,-2.9989283029866893,-2.5914059669780505
2.8828828828828827,-2.9852929363507994,-2.8183239758703915
2.8928928928928928,-2.924483540023605,-2.9039752622889696
2.9029029029029028,-2.817461032859306,-2.7527224492562534
2.9129129129129128,-2.66591659995707,-2.754765982609369
2.9229229229229228,-2.472244968310094,-3.0276663904004617
2.932932932932933,-2.2395065649841692,-2.9436703690880455
2.942942942942943,-1.971379155807578,-2.3021989487422716
2.952952952952953,-1.6720997287849373,-1.9998217061793786
2.962962962962963,-1.3463975406013953,-1.7308243348998076
2.972972972972973,-0.999419384226179,-1.2839791884833391
2.982982982982983,-0.636648258547527,-1.012286648235442
2.992992992992993,-0.2638167252332052,-0.8196953292292772
3.003003003003003,0.11318367803613318,-0.6671597081739767
3.013013013013013,0.488395536495268,-0.11469267642981984
3.023023023023023,0.8558896982221379,0.4772433057149268
3.033033033033033,1.2098589674519356,0.7259732915699472
3.043043043043043,1.5447098707224332,0.9803530669162156
3.053053053053053,1.8551510457486442,1.2172262853651437
3.063063063063063,2.136276856293062,1.2447321878728264
3.073073073073073,2.3836449117373206,1.3513052960158443
3.083083083083083,2.5933462663795877,1.8519936232428853
3.093093093093093,2.762067189158585,2.373450147970875
3.103103103103103,2.887141527709898,2.42866169196918
3.113113113113113,2.9665928392903065,2.354397015782
3.123123123123123,2.9991656228111654,2.5457947913842363
3.133133133133133,2.984345158447758,2.6320035439914355
3.143143143143143,2.9223656413162127,2.8971024999487347
3.153153153153153,2.814206480688502,3.048170491629114
3.163163163163163,2.6615768232258166,2.8064963987143074
3.173173173173173,2.466888544796432,2.4639135561284884
3.183183183183183,2.2332181376652587,2.077013476566246
3.193193193193193,1.964258095319221,1.9960097198697628
3.203203203203203,1.6642585631523663,1.7937184575958682
3.2132132132132134,1.3379601770552223,1.4982615523555014
3.2232232232232234,0.9905191512025013,1.557796264961031
3.2332332332332334,0.6274257988126896,1.5447801509571866
3.2432432432432434,0.25441777342653293,1.0748259332136054
3.2532532532532534,-0.1226105983221326,0.4235538700241218
3.2632632632632634,-0.4977014597061412,-0.1081013479798759
3.2732732732732734,-0.8649275708166695,-0.4766313364927045
3.2832832832832834,-1.2184859716634242,-0.8130320283269011
3.2932932932932935,-1.552789681385644,-1.1482987507480509
3.3033033033033035,-1.8625559845297253,-1.519426387477321
3.3133133133133135,-2.14288990928106,-1.627899555316273
3.3233233233233235,-2.3893615785147864,-1.626993674653544
3.3333333333333335,-2.598076211353317,-1.9600354544958132
3.3433433433433435,-2.765735669055678,-2.2140008473906683
3.3533533533533535,-2.88969057268174,-2.2835681318365015
3.3633633633633635,-2.9679821689604795,-2.463855389834546
3.3733733733733735,-2.9993732827917783,-2.685812265516194
3.3833833833833835,-2.983367867265833,-2.614913089035778
3.3933933933933935,-2.920218842268008,-2.5589926191806547
3.4034034034034035,-2.810924097802313,-2.786497657378731
3.4134134134134135,-2.6572107251895853,-2.68838263542316
3.4234234234234235,-2.461507725321257,-2.334781789408382
3.4334334334334335,-2.2269076252368336,-2.1615109349864396
3.4434434434434436,-1.9571176095653768,-2.0894649604614224
3.4534534534534536,-1.6564009390592125,-1.9259502870169332
3.4634634634634636,-1.3295095819323772,-1.6674092918970573
3.4734734734734736,-0.9816091225733108,-1.326713367527539
3.4834834834834836,-0.6181971342350702,-0.750982840152288
3.4934934934934936,-0.24501630558963033,-0.3638648305629618
3.5035035035035036,0.1320363060671378,-0.1401709266347993
3.5135135135135136,0.5070024609655432,0.2337689438312878
3.5235235235235236,0.8739568898266409,0.3837875200362658
3.5335335335335336,1.2271009258222398,0.4110650445425122
3.5435435435435436,1.5608541359447416,0.537573096891988
3.5535535535535536,1.8699425038146404,0.8529239084949835
3.5635635635635636,2.149481770448343,1.2581789308009002
3.5735735735735736,2.395054616023214,1.5124388723222164
3.5835835835835836,2.6027804630028024,1.8738061055848858
3.5935935935935936,2.769376797582937,2.249984359654829
3.6036036036036037,2.892211040448453,2.362983440740617
3.6136136136136137,2.9693421471713513,2.569655284913181
3.6236236236236237,2.9995512808749014,2.675803524082656
3.6336336336336337,2.9823610724698186,2.637673067871353
3.6436436436436437,2.9180431641094815,2.8952654561620603
3.6536536536536537,2.807613916661437,2.9113403863747744
3.6636636636636637,2.6528183490263326,2.605222647052106
3.6736736736736737,2.4561025630974815,2.277176369214186
3.6836836836836837,2.2205750901058394,2.0399140791303245
3.6936936936936937,1.9499577691609478,1.84552116990058
3.7037037037037037,1.648526934212424,1.6848465867204598
3.7137137137137137,1.3210458388038613,1.4478193848649294
3.7237237237237237,0.9726893864531134,0.9834804104508305
3.7337337337337337,0.6089623560802814,0.4887240216100244
3.7437437437437437,0.23561241469702432,0.32446179551422877
3.7537537537537538,-0.14146070805690472,0.34562911331345186
3.7637637637637638,-0.5162984482924982,0.10025393680064425
3.7737737737737738,-0.8829775659578397,-0.40678685616087634
3.7837837837837838,-1.2357037447319756,-0.6878501072289628
3.793793793793794,-1.5689031546474077,-0.8719049448145978
3.803803803803804,-1.8773105305554205,-1.0137102407570011
3.813813813813814,-2.156052374605605,-1.2570924805460395
3.823823823823824,-2.4007239679620893,-1.6558930458034489
3.833833833833834,-2.6074589748059926,-2.0450188187054934
3.843843843843844,-2.772990538731923,-2.6238112974314385
3.853853853853854,-2.8947029060842167,-2.88138047820983
3.863863863863864,-2.9706727604735956,-2.938643349205917
3.873873873873874,-2.9996996153002464,-3.028149705551424
3.883883883883884,-2.981324784016274,-3.1094715521365806
3.893893893893894,-2.9158386283567035,-3.140411488500258
3.903903903903904,-2.8042759700014557,-2.8484597203281923
3.913913913913914,-2.6483997381738607,-2.5536990081581528
3.923923923923924,-2.450673111578716,-2.39670025472335
3.933933933933934,-2.2142205948970295,-2.1617301595171083
3.943943943943944,-1.9427786449121938,-1.8252854939973375
3.953953953953954,-1.6406366264808923,-1.8097140365143807
3.963963963963964,-1.312569031370721,-1.7268857803362465
3.973973973973974,-0.9637600310524366,-1.2581994504727352
3.983983983983984,-0.5997215556744162,-0.7934067633053645
3.993993993993994,-0.22620619374720408,-0.2740008159560263
4.004004004004004,0.1508837110901025,-0.05206355667664381
4.014014014014014,0.525589329755614,0.01968988719603158
4.024024024024024,0.8919895100015268,0.362356811842712
4.034034034034034,1.2442943433162335,0.7780603885223477
4.044044044044044,1.5769366578939765,1.053432558761336
4.054054054054054,1.8846599918869258,1.4818842530121508
4.064064064064064,2.1626016567737567,1.783281872110544
4.074074074074074,2.406369578265134,1.8117182726557166
4.084084084084084,2.6121117004953867,2.011288519218646
4.094094094094094,2.776576856765038,2.2553813578954767
4.104104104104104,2.897166144946068,2.335692915646216
4.114114114114114,2.9719739957082947,2.5599965335571495
4.124124124124124,2.999818284600881,2.66671191288933
4.134134134134134,2.980259012153432,2.609120658433864
4.1441441441441444,2.9136052568111275,2.6933296803487425
4.1541541541541545,2.800910290832535,2.736778264520314
4.1641641641641645,2.6439549363294153,2.522971480824561
4.1741741741741745,2.4452194244587897,2.2825727977656762
4.1841841841841845,2.2078442024523115,2.050578721249751
4.1941941941941945,1.9355803078160796,1.8177363552610686
4.2042042042042045,1.6327300938947336,1.7185314971000294
4.2142142142142145,1.3040792434631803,1.5426071650751154
4.2242242242242245,0.9548211446769157,1.373362860657465
4.2342342342342345,0.5904748244031027,1.2659241524483384
4.2442442442442445,0.21679773576176536,1.071029860815195
4.2542542542542545,-0.16030522197917113,0.6466047263937013
4.2642642642642645,-0.5348750134739299,0.23608729197311526
4.2742742742742745,-0.9009926328352564,-0.09273816645157584
4.2842842842842845,-1.2528726366194085,-0.3242625343934929
4.2942942942942945,-1.584954566238164,-0.39567657523244515
4.3043043043043046,-1.8919908151276665,-0.6027296380872212
4.314314314314315,-2.1691295521845255,-1.1043111885578214
4.324324324324325,-2.4119913911008215,-1.5973814473581378
4.334334334334335,-2.6167385940584604,-1.997420355132138
4.344344344344345,-2.7801357162158573,-2.3141119208138714
4.354354354354355,-2.899600732674126,-2.537430476064111
4.364364364364365,-2.973245840007058,-2.748428707916597
4.374374374374375,-2.9999072876032407,-2.90441179709435
4.384384384384385,-2.9791637674211033,-2.7017049022444213
4.394394394394395,-2.9113430715593904,-2.421509102062141
4.404404404404405,-2.7975169124391206,-2.630628918494918
4.414414414414415,-2.639483987449285,-2.9882290999644177
4.424424424424425,-2.4397415556711923,-2.8617477715030546
4.434434434434435,-2.2014459758301883,-2.3892304493027634
4.444444444444445,-1.928362829059621,-2.151512879219864
4.454454454454455,-1.6248074146445708,-1.8451360044580298
4.464464464464465,-1.29557655903989,-1.5163798717877446
4.474474474474475,-0.9458728157265022,-1.4533078510296507
4.484484484484485,-0.5812222537106845,-1.1950490041214883
4.494494494494495,-0.20738713378436302,-0.7398365410804303
4.504504504504505,0.16972514755137083,-0.2565935497721384
4.514514514514515,0.5441554076179502,0.11888573782542576
4.524524524524525,0.9099868454238802,0.35934587061548856
4.534534534534535,1.261438539807646,0.5456114702735531
4.544544544544545,1.5929568003879666,0.7667577125195489
4.554554554554555,1.8993029277804714,1.1703271924426455
4.564564564564565,2.175635996281186,1.6780554804800714
4.574574574574575,2.4175893508730044,1.9559281407755507
4.584584584584585,2.6213396097381847,2.1554324395422837
4.594594594594595,2.7836670818895284,2.5226132327452686
4.604604604604605,2.902006645191872,2.5697297816280216
4.614614614614615,2.9744882807921553,2.507785128119949
4.624624624624625,2.999966623427142,2.5055232290248965
4.634634634634635,2.978039060650562,2.3898782731557557
4.644644644644645,2.9090520949730636,2.510868794592729
4.654654654654655,2.794095868379563,2.463232050273879
4.664664664664665,2.6349869357483047,2.279562585698042
4.674674674674675,2.434239559388594,2.2588740443831523
4.684684684684685,2.1950259783050434,2.0756738885005075
4.694694694694695,1.9211262800190851,2.069392604994248
4.704704704704705,1.6168686670806545,1.996977079932439
4.714714714714715,1.2870610621869818,1.555082481194389
4.724724724724725,0.936915132694468,1.0492274479025236
4.734734734734735,0.5719639350991901,0.7447649541051472
4.744744744744745,0.19797448087985473,0.6020433759636895
4.754754754754755,-0.17914339464961837,0.28035656559325517
4.764764764764765,-0.5534304204104691,0.04202413349558684
4.774774774774775,-0.9189720588203457,-0.18368498438158365
4.784784784784785,-1.2699919681696017,-0.757565118278521
4.794794794794795,-1.600943281206368,-1.0739640677393343
4.804804804804805,-1.9065962575331556,-1.0954291888108425
4.814814814814815,-2.182120924719137,-1.3351744831758148
4.824824824824825,-2.4231634022214146,-1.7969058863723766
4.834834834834835,-2.6259147020334357,-2.075806142938412
4.844844844844845,-2.7871709188630867,-2.2378896602260396
4.854854854854855,-2.904383858706356,-2.3391398913764974
4.864864864864865,-2.9757013057766306,-2.3817025320232115
4.874874874874875,-2.9999962914857923,-2.8055960892779632
4.884884884884885,-2.9768849029644424,-2.956334057929378
4.894894894894895,-2.906732349708451,-2.8428157027410483
4.904904904904905,-2.7906471924858147,-2.856460018637974
4.914914914914915,-2.630463825699462,-2.7063757358360925
4.924924924924925,-2.428713490022232,-2.660430647618246
4.934934934934935,-2.188584273366563,-2.4488648076893376
4.944944944944945,-1.9138707322593467,-2.1533417328088995
4.954954954954955,-1.6089139297121569,-1.5872764811333286
4.964964964964965,-1.278532837117313,-1.264090924426017
4.974974974974975,-0.9279481841666113,-1.361280777179195
4.984984984984985,-0.5626999601275129,-1.0689675812400319
4.994994994994995,-0.18855987013344416,-0.7679181237255733
5.005005005005005,0.18855987013342945,-0.46027376172252127
5.015015015015015,0.5626999601274985,0.05078113018753593
5.025025025025025,0.9279481841665973,0.4453948335379375
5.035035035035035,1.2785328371172997,0.7984805232233749
5.045045045045045,1.6089139297121444,1.2700598697160093
5.055055055055055,1.9138707322593353,1.5027554496948003
5.065065065065065,2.1885842733665526,1.6880705992644116
5.075075075075075,2.428713490022223,1.6806403330446757
5.085085085085085,2.630463825699455,1.9553673045373936
5.095095095095095,2.7906471924858094,2.4159734009861604
5.105105105105105,2.906732349708442,2.6108675296249664
5.115115115115115,2.976884902964441,2.7066040628847574
5.125125125125125,2.9999962914857923,2.6384982476111003
5.135135135135135,2.97570130577663,2.475506291022179
5.145145145145145,2.90438385870636,2.4044652000961126
5.155155155155155,2.7871709188630844,2.272493250905404
5.165165165165165,2.625914702033443,2.4130080882688993
5.175175175175175,2.4231634022214354,2.7950342206708303
5.185185185185185,2.1821209247191473,2.69771616875871
5.195195195195195,1.9065962575331672,2.2973137915904505
5.205205205205205,1.6009432812063626,1.9353278251913617
5.215215215215215,1.269991968169615,1.6547596124462742
5.225225225225225,0.9189720588203798,1.2869082337640407
5.235235235235235,0.5534304204104835,0.8334520646836634
5.245245245245245,0.17914339464965431,0.37250781356778223
5.255255255255255,-0.19797448087986136,0.1328758144661032
5.265265265265265,-0.5719639350991756,-0.28710370662464296
5.275275275275275,-0.9369151326944745,-0.7068451656576795
5.285285285285285,-1.2870610621869685,-0.7306105075962246
5.295295295295295,-1.616868667080624,-1.0245910199879762
5.305305305305305,-1.9211262800190738,-1.5546850018848593
5.315315315315315,-2.195025978305019,-1.8622517355933814
5.325325325325325,-2.434239559388598,-1.8959167161488117
5.335335335335335,-2.634986935748298,-1.9189491992179377
5.345345345345345,-2.794095868379565,-2.1164033235342865
5.355355355355355,-2.9090520949730605,-2.558774645866855
5.365365365365365,-2.9780390606505573,-2.6883855081618995
5.375375375375375,-2.999966623427142,-2.374389886533737
5.385385385385385,-2.9744882807921575,-2.3445151672591225
5.395395395395395,-2.9020066451918702,-2.577236768519756
5.405405405405405,-2.783667081889534,-2.6736840157534516
5.415415415415415,-2.621339609738202,-2.2954741670242007
5.425425425425425,-2.417589350873013,-2.1872120160405597
5.435435435435435,-2.175635996281211,-2.250466050678564
5.445445445445445,-1.8993029277804663,-2.0478581784005714
5.455455455455455,-1.592956800387979,-1.7943630242911293
5.465465465465465,-1.26143853980764,-1.6189162932369594
5.475475475475475,-0.9099868454238942,-1.2742813031439373
5.485485485485485,-0.5441554076179856,-0.6435512855578298
5.495495495495495,-0.1697251475513855,-0.4724250781289512
5.505505505505505,0.2073871337843271,-0.4709945275743582
5.515515515515515,0.581222253710691,-0.10970556350541222
5.525525525525525,0.9458728157264882,0.3292643123918382
5.535535535535535,1.295576559039896,0.7963557046504408
5.545545545545545,1.6248074146445586,1.2207710186901608
5.555555555555555,1.9283628290595933,1.4621250549758098
5.565565565565565,2.201445975830178,1.7193395529209408
5.575575575575575,2.4397415556711843,1.9811760123181605
5.585585585585585,2.639483987449288,2.307783109490761
5.595595595595595,2.7975169124391153,2.491637548122291
5.605605605605605,2.911343071559382,2.3611813353213207
5.615615615615615,2.9791637674211016,2.46877833465652
5.625625625625625,2.999907287603241,2.634565417861211
5.635635635635635,2.97324584000706,2.641284122573264
5.645645645645645,2.8996007326741307,2.553380818177056
5.655655655655655,2.780135716215855,2.3317280250891366
5.665665665665665,2.6167385940584675,2.115344666029006
5.675675675675675,2.411991391100843,2.095121362876545
5.685685685685685,2.1691295521845357,2.310106834605391
5.6956956956956954,1.8919908151276945,2.313118964843281
5.7057057057057055,1.5849545662381586,2.0740542494905094
5.7157157157157155,1.2528726366194218,1.8738677412865303
5.7257257257257255,0.9009926328352501,1.6806778487812402
5.7357357357357355,0.5348750134739444,1.1725184620507563
5.7457457457457455,0.1603052219792071,0.6866540873770508
5.7557557557557555,-0.2167977357617507,0.4518494260293178
5.7657657657657655,-0.5904748244030883,0.22664117800807743
5.7757757757757755,-0.9548211446769219,-0.2172550390698907
5.7857857857857855,-1.3040792434631672,-0.766598948864968
5.7957957957957955,-1.6327300938947031,-1.241559415390543
5.8058058058058055,-1.9355803078160685,-1.5720799584795604
5.8158158158158155,-2.2078442024522875,-1.5240551696517561
5.8258258258258255,-2.4452194244587813,-1.5567990362704789
5.8358358358358355,-2.643954936329408,-1.8484558858455817
5.8458458458458455,-2.8009102908325376,-2.1506241542762083
5.8558558558558556,-2.913605256811124,-2.3438583854327173
5.865865865865866,-2.980259012153428,-2.461909841042245
5.875875875875876,-2.999818284600881,-2.6448033045305257
5.885885885885886,-2.9719739957082996,-2.818990707162702
5.895895895895896,-2.897166144946066,-2.879286801700342
5.905905905905906,-2.7765768567650437,-2.796938853022551
5.915915915915916,-2.612111700495383,-2.74620650615735
5.925925925925926,-2.406369578265143,-2.7551381263140295
5.935935935935936,-2.1626016567737816,-2.508626177221764
5.945945945945946,-1.8846599918869376,-2.285610972457654
5.955955955955956,-1.576936657893989,-2.182694126057253
5.965965965965966,-1.2442943433162272,-1.8735308687939594
5.975975975975976,-0.8919895100015408,-1.4511079174726969
5.985985985985986,-0.5255893297556494,-0.9811223982318229
5.995995995995996,-0.15088371109011717,-0.6751121625793867
6.006006006006006,0.22620619374716813,-0.4704079357343265
6.016016016016016,0.5997215556744018,-0.2561790750117555
6.026026026026026,0.9637600310524025,0.13347873830926257
6.036036036036036,1.3125690313707077,0.6595824706231096
6.046046046046046,1.640636626480862,1.297879756156434
6.056056056056056,1.94277864491215,1.5667859719794595
6.066066066066066,2.214220594897005,1.7510272801585172
6.076076076076076,2.4506731115786957,2.058353105526366
6.086086086086086,2.6483997381738535,1.983158930284727
6.096096096096096,2.804275970001443,2.2053458582534327
6.106106106106106,2.9158386283566995,2.4115305363907233
6.116116116116116,2.98132478401627,2.5351809675494965
6.126126126126126,2.9996996153002473,2.8015130375320547
6.136136136136136,2.970672760473598,3.038588476724328
6.146146146146146,2.894702906084226,3.1373163219110225
6.156156156156156,2.772990538731929,2.8210330025220576
6.166166166166166,2.6074589748060104,2.513605324865223
6.176176176176176,2.400723967962098,2.403223220178699
6.186186186186186,2.15605237460563,2.3502962183174425
6.196196196196196,1.8773105305554487,2.256032846287125
6.206206206206206,1.5689031546474204,2.068133441315479
6.216216216216216,1.2357037447320085,1.4003733047843547
6.226226226226226,0.8829775659578538,0.9101575745114222
6.236236236236236,0.5162984482925336,0.963458105904197
6.246246246246246,0.14146070805696198,0.7217494579260325
6.256256256256256,-0.2356124146969884,0.37469490641492326
6.266266266266266,-0.6089623560802462,0.2792127276164857
6.276276276276276,-0.9726893864530994,-0.03226267595457162
6.286286286286286,-1.321045838803829,-0.6644687829426128
6.296296296296296,-1.6485269342124118,-1.0934493954645153
6.306306306306306,-1.9499577691609202,-1.3697789126690434
6.316316316316316,-2.2205750901058012,-1.569210984739118
6.326326326326326,-2.456102563097473,-1.697681158261201
6.336336336336336,-2.6528183490263157,-1.8771473875097777
6.346346346346346,-2.8076139166614316,-2.1213094673105504
6.356356356356356,-2.918043164109473,-2.455088027693451
6.366366366366366,-2.982361072469817,-2.9237161625907873
6.376376376376376,-2.999551280874902,-3.145995542869929
6.386386386386386,-2.9693421471713566,-2.9604128598443307
6.396396396396396,-2.8922110404484567,-2.7153294705962336
6.406406406406406,-2.769376797582951,-2.5737930435934926
6.416416416416417,-2.6027804630028095,-2.6482240471266287
6.426426426426427,-2.3950546160232102,-2.6038424807530776
6.436436436436437,-2.1494817704483538,-2.530478595535715
6.446446446446447,-1.8699425038146351,-2.290592828202643
6.456456456456457,-1.5608541359447359,-1.6726480401364276
6.466466466466467,-1.2271009258222145,-1.292476759489495
6.476476476476477,-0.8739568898266346,-1.0373691851598867
6.486486486486487,-0.5070024609655578,-0.7016188957921462
6.496496496496497,-0.13203630606713118,-0.5539820183734901
6.506506506506507,0.24501630558961568,-0.5985320586351773
6.516516516516517,0.6181971342350976,-0.3706675935221628
6.526526526526527,0.9816091225733169,0.07735081007851449
6.536536536536537,1.329509581932364,0.43096071261778063
6.546546546546547,1.6564009390592178,0.798658702360548
6.556556556556557,1.9571176095653655,1.377551733877139
6.566566566566567,2.226907625236838,1.7318381512558665
6.576576576576577,2.461507725321261,1.6663235051315701
6.586586586586587,2.657210725189598,1.959847592804406
6.596596596596597,2.8109240978023156,2.3622433062044066
6.606606606606607,2.920218842268005,2.5591596760274555
6.616616616616617,2.9833678672658337,2.8741306461440295
6.626626626626627,2.9993732827917787,3.125002895476241
6.636636636636637,2.967982168960478,2.8224060231833366
6.646646646646647,2.8896905726817383,2.70603129537768
6.656656656656657,2.7657356690556667,2.849822862782128
6.666666666666667,2.598076211353314,2.569838192554989
6.676676676676677,2.3893615785147957,2.235985819900219
6.686686686686687,2.142889909281055,2.315700484612544
6.696696696696697,1.8625559845297364,2.49078106309274
6.706706706706707,1.5527896813856206,2.1602756272677888
6.716716716716717,1.218485971663418,1.85078848302236
6.726726726726727,0.8649275708166837,1.605048709364215
6.736736736736737,0.4977014597061346,1.044391471203852
6.746746746746747,0.1226105983221473,0.5542106550871198
6.756756756756757,-0.2544177734265395,0.21486102017469208
6.766766766766767,-0.6274257988126961,0.012872151939531383
6.776776776776777,-0.9905191512025276,-0.2943072747906057
6.786786786786787,-1.3379601770552283,-0.6703348149144704
6.796796796796797,-1.6642585631523366,-0.89471033540339
6.806806806806807,-1.9642580953192101,-1.156985534766451
6.816816816816817,-2.2332181376652493,-1.329157128244219
6.826826826826827,-2.4668885447964355,-1.710268250912955
6.836836836836837,-2.66157682322581,-2.1605574806940955
6.846846846846847,-2.8142064806885045,-2.4159825197651874
6.856856856856857,-2.922365641316209,-2.7846838280036956
6.866866866866867,-2.9843451584477543,-3.0542440136285616
6.876876876876877,-2.999165622811166,-3.077981233076421
6.886886886886887,-2.9665928392903087,-3.160729998274831
6.896896896896897,-2.887141527709897,-3.147429029355828
6.906906906906907,-2.7620671891585906,-2.957308572938752
6.916916916916917,-2.593346266379606,-3.0420796552453537
6.926926926926927,-2.3836449117373295,-2.8858570910856405
6.936936936936937,-2.136276856293087,-2.240590164780276
6.946946946946947,-1.8551510457486393,-1.9249743514769657
6.956956956956957,-1.5447098707224458,-1.8873452137264837
6.966966966966967,-1.2098589674519298,-1.7267676706533452
6.976976976976977,-0.8558896982221519,-1.2725027995032894
6.986986986986987,-0.48839553649530354,-0.766418403922425
6.996996996996997,-0.11318367803614787,-0.42836162541188305
7.007007007007007,0.2638167252331694,-0.10582828641291499
7.017017017017017,0.6366482585475335,0.15143765294145695
7.027027027027027,0.999419384226165,0.3448432323024051
7.037037037037037,1.3463975406014013,0.5155795532051012
7.047047047047047,1.6720997287849253,0.655468164811324
7.057057057057057,1.971379155807551,1.0971156590111053
7.067067067067067,2.239506564984159,1.6448256029774375
7.077077077077077,2.4722449683100858,1.7868582988183757
7.087087087087087,2.6659165999570726,1.8469591655162554
7.097097097097097,2.817461032859301,2.1442118776887917
7.107107107107107,2.924483540023597,2.428256287588286
7.117117117117117,2.985292936350798,2.676453482496678
7.127127127127127,2.99892830298669,2.834574603474896
7.137137137137137,2.9651741719004177,3.0909888848151548
7.147147147147147,2.88456393074138,3.2447491300234184
7.157157157157157,2.758371394170611,2.9024269501439797
7.167167167167167,2.5885906748577963,2.5760356698109734
7.177177177177177,2.3779046722250685,2.2663175214966067
7.187187187187187,2.129642676883285,1.9703018197729425
7.197197197197197,1.8477277607015525,1.7327607057846104
7.207207207207207,1.5366147838593367,1.5746844864627174
7.217217217217217,1.2012199985034218,1.4316326823033863
7.227227227227227,0.8468433614219021,1.1810705707127098
7.237237237237237,0.47908478336265287,1.004764048647889
7.247247247247247,0.10375563843547464,0.45057922177318294
7.257257257257257,-0.27321306805992424,-0.10174194152372093
7.267267267267267,-0.645864422235255,-0.21530406557197226
7.277277277277277,-1.008309733626656,-0.16168426898104232
7.287287287287287,-1.3548215891306763,-0.3942635794975292
7.297297297297297,-1.679924358412763,-0.8290608592763696
7.307307307307307,-1.9784807206076849,-1.067899196301081
7.317317317317317,-2.2457728450049577,-1.4182507065283605
7.327327327327327,-2.4775769428906314,-1.804225866929173
7.337337337337337,-2.6702300124657112,-1.987794543422692
7.347347347347347,-2.82068772212928,-2.149647714844198
7.357357357357357,-2.926572517445514,-2.4205629178017705
7.367367367367367,-2.986211191602035,-2.5806908515312346
7.377377377377377,-2.998661325665292,-2.545842308057385
7.387387387387387,-2.963726180820537,-2.428041116393588
7.397397397397397,-2.881957807266962,-2.227409198397211
7.407407407407407,-2.7546483206408277,-2.1251048978000355
7.4174174174174174,-2.583809483817687,-2.29249515612221
7.4274274274274275,-2.372140916745286,-2.2988190619422433
7.4374374374374375,-2.1229874366595314,-2.1364098654705193
7.4474474474474475,-1.8402862027999864,-1.98911197597141
7.4574574574574575,-1.5285045008516362,-1.8569020701092442
7.4674674674674675,-1.1925691502517342,-1.6626032932559058
7.4774774774774775,-0.8377886498785027,-1.422706152503232
7.4874874874874875,-0.4697692923857037,-1.1495441453997948
7.4974974974974975,-0.0943265727573683,-0.6367896988049995
7.5075075075075075,0.2826067089828543,-0.20685882226958843
7.5175175175175175,0.6550741987339362,0.019061228925859243
7.5275275275275275,1.0171901114840085,0.2623332477215207
7.5375375375375375,1.3632322393346379,0.5859240962380461
7.5475475475475475,1.6877323746553015,0.9465802844378174
7.5575575575575575,1.9855627194895817,1.0610612656948433
7.5675675675675675,2.2520169157581695,1.2400087191166387
7.5775775775775776,2.48288441580818,1.6838371807710246
7.587587587587588,2.674517018094852,2.1355079166528244
7.597597597597598,2.8238865165885043,2.3286270698787166
7.607607607607608,2.9286325529232906,2.4026362303258533
7.617617617617618,2.987099915120512,2.737439122903883
7.627627627627628,2.9983646934872086,2.9187003168316035
7.637637637637638,2.9622488803703675,2.912096643791803
7.647647647647648,2.879323183059573,2.9159695415351505
7.657657657657658,2.750898005388039,2.7857083853856017
7.667667667667668,2.579002740542244,2.719113356445068
7.677677677677678,2.366353702297915,2.6448674788641386
7.687687687687688,2.116311201437866,2.157240980058328
7.697697697697698,1.8328264456362908,1.8259702919673675
7.707707707707708,1.52037910190482,1.828998513389254
7.717717717717718,1.183906508248342,1.6517191658146935
7.727727727727728,0.82872565313722,1.3874915868962632
7.737737737737738,0.4604491556886634,1.0099592912250481
7.747747747747748,0.08489657424938715,0.6670615488146305
7.757757757757758,-0.29199755510489955,0.2662462972761181
7.767767767767768,-0.6642774969646515,-0.2465733988955075
7.777777777777778,-1.0260604299770044,-0.39249931765290363
7.787787787787788,-1.3716294080372193,-0.5275635803473977
7.797797797797798,-1.695523700296182,-0.9121610512683317
7.807807807807808,-1.992625082416832,-1.355091523606567
7.817817817817818,-2.2582387154938437,-1.6824165512904092
7.827827827827828,-2.488167334575244,-2.023642218179518
7.837837837837838,-2.678777574448694,-2.2144975669703832
7.847847847847848,-2.8270573846029556,-2.3557315837452193
7.857857857857858,-2.930663626084473,-2.5820412687077954
7.867867867867868,-2.98795909811731,-2.6734000784396685
7.877877877877878,-2.998038409385943,-2.8306444112843883
7.887887887887888,-2.960742285159485,-2.97654390361656
7.897897897897898,-2.876660084173951,-3.0452530684482753
7.907907907907908,-2.747120485500517,-2.941971791439195
7.917917917917918,-2.5741704925670623,-2.6102943124053812
7.927927927927928,-2.360543086114781,-2.3095424329546206
7.937937937937938,-2.109614037242077,-2.0628927282393588
7.947947947947948,-1.8253485629826605,-1.9177227348394765
7.957957957957958,-1.5122386673739994,-1.8482332374071575
7.967967967967968,-1.1752321581611966,-1.5117355520580418
7.977977977977978,-0.8196544608254199,-1.0701015275133112
7.987987987987988,-0.45112446544180873,-0.9489199788091536
7.997997997997998,-0.0754657361681442,-0.8464822209477344
8.008008008008009,0.30138551355651166,-0.3810058571892494
8.018018018018019,0.6734742259127494,0.20112284428959257
8.028028028028029,1.034920601383785,0.6273617923931606
8.038038038038039,1.3800130121958296,0.7042005009575698
8.048048048048049,1.7032982582841407,1.050160060835422
8.058058058058059,1.9996677395471179,1.6070046133052178
8.068068068068069,2.2644381826824147,1.8641682365218657
8.078078078078079,2.493425646947086,1.9090166807842444
8.088088088088089,2.6830116393930967,1.9722917056157416
8.098098098098099,2.830200294814749,2.083704672528181
8.108108108108109,2.932665716843058,2.234294975616405
8.118118118118119,2.988788732095665,2.350776811555064
8.128128128128129,2.9976824765882384,2.6713316238026708
8.138138138138139,2.9592064100871394,2.9487772745609866
8.148148148148149,2.873968536946464,2.585737754567217
8.158158158158159,2.7433157983355003,2.327472543260827
8.168168168168169,2.569312787680029,2.3995420345666894
8.178178178178179,2.3547091256592143,2.6310212293122635
8.188188188188189,2.102896010302776,2.5879133216426067
8.198198198198199,1.8178526287906405,1.93115869811987
8.208208208208209,1.5040832777627924,1.714835053590954
8.218218218218219,1.1665461857741521,1.5865382321781147
8.228228228228229,0.8105751626513531,1.0984208838376919
8.238238238238239,0.44179531386040594,0.9890159020504065
8.248248248248249,0.06603415177868312,0.7880453889685881
8.258258258258259,-0.3107704914967419,0.18502626485337215
8.268268268268269,-0.6826642946282531,-0.2202701109770324
8.278278278278279,-1.0437705380828803,-0.2576567658405649
8.288288288288289,-1.388382968901908,-0.6370534529840745
8.298298298298299,-1.7110559717336997,-1.121550511018993
8.308308308308309,-2.0066906212330324,-1.1814854150436291
8.318318318318319,-2.2706152560149757,-1.4176768214280913
8.328328328328329,-2.498659300922334,-1.6849103139897181
8.338338338338339,-2.6872191710557694,-1.824802647361503
8.348348348348349,-2.8333152161424833,-2.13528241520863
8.358358358358359,-2.9346388053996284,-2.4120019153996304
8.368368368368369,-2.9895888088510096,-2.521862832810892
8.378378378378379,-2.9972968986140436,-2.483989495190829
8.388388388388389,-2.957641270342187,-2.6181665349756074
8.398398398398399,-2.8712485679948045,-2.6470655093954942
8.408408408408409,-2.7394839815189465,-2.425865676682481
8.418418418418419,-2.564429673920783,-2.326705301822737
8.428428428428429,-2.3488518786253803,-2.2068113542938144
8.438438438438439,-2.0961571870571047,-1.9953846028683575
8.448448448448449,-1.8103387171902616,-1.9505805796073228
8.458458458458459,-1.495913013722972,-1.8958626213457235
8.468468468468469,-1.1578486769859608,-1.7563527319921672
8.478478478478479,-0.8014878484035549,-1.4309147697461526
8.488488488488489,-0.43246179320388356,-0.8966971103899167
8.498498498498499,-0.05660191435338547,-0.5044523855370878
8.508508508508509,0.3201523961140744,-0.05039942394292689
8.518518518518519,0.6918476122273421,0.3503243024102377
8.528528528528529,1.0526101525539953,0.4628104625810663
8.538538538538539,1.396739195381859,0.7871694655547326
8.548548548548549,1.7187967639260684,1.161853127620797
8.558558558558559,2.013693658022703,1.2836586229645934
8.568568568568569,2.2767698744042777,1.642258802520748
8.578578578578579,2.5038682447434515,1.9887890751299357
8.588588588588589,2.691400127826953,2.177678946950303
8.598598598598599,2.836402117781592,2.4786854401159277
8.608608608608609,2.9365828722415817,2.602435821018562
8.618618618618619,2.9903593204711036,2.311584272281504
8.62862862862863,2.9968816792764823,2.167851044936456
8.63863863863864,2.9560468814028464,2.5011683548166004
8.64864864864865,2.868500204217753,2.4700739854909206
8.65865865865866,2.7356250729450915,2.2730501898628384
8.66866866866867,2.559521199580175,2.44782490075234
8.67867867867868,2.34297140293776,2.3833493149471585
8.68868868868869,2.089397634147656,2.0428257477861753
8.6986986986987,1.802806902489373,1.936482978537402
8.70870870870871,1.4877279560531518,1.9293698221617142
8.71871871871872,1.1491397178095022,1.71626587417378
8.72872872872873,0.7923926079498353,1.3878298122148611
8.73873873873874,0.42312399577475046,1.0000292923506162
8.74874874874875,0.04716911717113359,0.5590315720478061
8.75875875875876,-0.32953113462751393,0.2977356749358616
8.76876876876877,-0.7010240878927533,-0.09723471019085345
8.77877877877878,-1.0614393573790353,-0.608868314212949
8.78878878878879,-1.4050816089979836,-0.7774089191183522
8.7987987987988,-1.726520558309657,-1.0499567717890377
8.80880880880881,-2.020676780660604,-1.3478740914180831
8.81881881881882,-2.2829019769849963,-1.5782799613766623
8.82882882882883,-2.5090524268973367,-1.7471337441330874
8.83883883883884,-2.6955544683596004,-1.9459604776869919
8.84884884884885,-2.8394609692045645,-2.3698002766919557
8.85885885885886,-2.93849789814335,-2.582006280622224
8.86886886886887,-2.9911002593360694,-2.592558073167858
8.87887887887888,-2.996436822681807,-2.766355731505576
8.88888888888889,-2.9544232590366257,-2.806981594561862
8.8988988988989,-2.8657234727948557,-2.5213430566398296
8.90890890890891,-2.7317391107761075,-2.4657675056018604
8.91891891891892,-2.554587413199922,-2.4014397936939837
8.92892892892893,-2.3370677567504705,-2.48679813804995
8.93893893893894,-2.0826174184221773,-2.640961864661101
8.94894894894895,-1.7952572591727716,-2.3832625769184035
8.95895895895896,-1.4795281856984295,-2.081417919803625
8.96896896896897,-1.140419394370774,-1.553364715378555
8.97897897897898,-0.7832895312362654,-1.2354065000979393
8.98898898898899,-0.4137820139179795,-1.0452700794248166
8.998998998999,-0.03773585351621754,-0.44160192047029334
9.00900900900901,0.33890661428720614,-0.004526494546610539
9.01901901901902,0.7101936308750509,0.2645645079436043
9.02902902902903,1.0702580652426896,0.7206936966016925
9.03903903903904,1.4134101272490698,1.198765937727312
9.04904904904905,1.7342272785011126,1.3755824251658937
9.05905905905906,2.027639920088024,1.4086890879848033
9.06906906906907,2.2890115031145863,1.685960619808711
9.07907907907908,2.5142117961156734,2.1458360668788536
9.08908908908909,2.6996821515699603,2.2398161460994457
9.0990990990991,2.8424917401612877,2.0639466312790313
9.10910910910911,2.9403838641665336,2.187471065219884
9.11911911911912,2.991811618118498,2.5626733236226693
9.12912912912913,2.9959623332293703,2.9295219601397524
9.13913913913914,2.9527704193001045,3.023032072550971
9.14914914914915,2.8629184011862496,2.808478276524361
9.15915915915916,2.7278261334416594,2.417027256959411
9.16916916916917,2.5496283635720616,2.261971019848242
9.17917917917918,2.3311409984468794,2.2339989282801733
9.18918918918919,2.0758166069326367,2.1031707185448227
9.1991991991992,1.7876898619017054,2.0721672696094835
9.20920920920921,1.4713137837492536,1.9316202090659096
9.21921921921922,1.131687792908318,1.6678367276217405
9.22922922922923,0.7741787082865357,1.3329481320690697
9.23923923923924,0.40443594001975525,0.9434462126661158
9.24924924924925,0.028302216677711028,0.43969269295777164
9.25925925925926,-0.3482787423756944,0.013589145802751024
9.26926926926927,-0.719356150493194,-0.18851350576345363
9.27927927927928,-1.0790661889336168,-0.46953290426364974
9.28928928928929,-1.4217246677713224,-0.773360666228324
9.2992992992993,-1.7419168482858303,-1.162949084684699
9.30930930930931,-2.034583007443998,-1.539493188987202
9.31931931931932,-2.2950983923736574,-1.7391984224562878
9.32932932932933,-2.519346301375622,-1.906208262389897
9.33933933933934,-2.703783136637828,-1.9733447654870235
9.34934934934935,-2.845494400679389,-2.0975389271207545
9.35935935935936,-2.9422407516601172,-2.318343572032299
9.36936936936937,-2.9924933897834975,-2.456908923566271
9.37937937937938,-2.995458215611567,-2.5529442851165762
9.38938938938939,-2.9510883785388335,-2.6833063764265055
9.3993993993994,-2.8600850171322865,-2.7978285511930916
9.40940940940941,-2.7238861796386438,-2.8438840761350717
9.41941941941942,-2.5446440997384,-2.802254668320051
9.42942942942943,-2.3251911866388086,-2.59316406739408
9.43943943943944,-2.068995266934803,-2.294487207631431
9.44944944944945,-1.7801047855128604,-2.0829902245615743
9.45945945945946,-1.4630848314409188,-1.899537311226343
9.46946946946947,-1.12294499977205,-1.4875122558195764
9.47947947947948,-0.765060229200942,-1.1073299931448048
9.48948948948949,-0.3950858665068574,-0.9139132741683833
9.4994994994995,-0.01886829994820778,-0.5786945113704206
9.50950950950951,0.35764742620849754,-0.22193999279888502
9.51951951951952,0.7285115561357632,0.28338035852931864
9.52952952952953,1.0878636413449856,0.6304155442866218
9.53953953953954,1.4300251483392896,0.8121965786947891
9.54954954954955,1.7495891916188122,1.2623234458542911
9.55955955955956,2.041505974065737,1.7722168926403807
9.56956956956957,2.301162584566794,2.2349564229249186
9.57957957957958,2.5244558919001387,2.3748146196210644
9.58958958958959,2.707857383007103,2.5052205449269924
9.5995995995996,2.8484689210644354,2.7810603517946837
9.60960960960961,2.9440685422606805,2.7688747473186437
9.61961961961962,2.993145567588784,2.7302720797630293
9.62962962962963,2.994924474813806,2.873618661322544
9.63963963963964,2.949377153387113,2.9253977676494367
9.64964964964965,2.8572233486533607,2.6928501069325264
9.65965965965966,2.719919288330666,2.418844872044467
9.66966966966967,2.539634670990189,2.3255116731867487
9.67967967967968,2.3192183801661463,2.0574037924137962
9.68968968968969,2.062153465887336,1.7938077236492311
9.6996996996997,1.7725021050178946,1.5957138834195022
9.70970970970971,1.4548414101524643,1.3573563738944174
9.71971971971972,1.1141911014227222,1.323751140154717
9.72972972972973,0.7559341841553704,1.3325548582417672
9.73973973973974,0.3857318858456187,0.96403944144008
9.74974974974975,0.00943419662324001,0.4795847474996836
9.75975975975976,-0.3670125731353653,0.10297864442578783
9.76976976976977,-0.737659757261527,-0.1857740877695728
9.77977977977978,-1.096650335475657,-0.33459990646899007
9.78978978978979,-1.4383114868664133,-0.6128756075321788
9.7997997997998,-1.7572442326255233,-0.9925925408584148
9.80980980980981,-2.048408751489559,-1.3018862775063005
9.81981981981982,-2.3072040197229313,-1.3776252899282122
9.82982982982983,-2.5295405171586642,-1.5257034769834854
9.83983983983984,-2.711904850386038,-1.9818190439679895
9.84984984984985,-2.851415271900335,-2.2279146827807836
9.85985985985986,-2.9458672178925167,-2.280235255570654
9.86986986986987,-2.99376814508473,-2.542250811741522
9.87987987987988,-2.9943611161144394,-2.8255618277321153
9.88988988988989,-2.9476367607678884,-2.8108138484724683
9.8998998998999,-2.854333424049531,-2.615466790831382
9.90990990990991,-2.7159254987477994,-2.792660683039423
9.91991991991992,-2.5346001268674523,-2.936460353835054
9.92992992992993,-2.313222638096184,-2.6162536033767028
9.93993993993994,-2.055291271451367,-2.2625231160333175
9.94994994994995,-1.764881895602423,-2.041253882439519
9.95995995995996,-1.4465836014061675,-1.9235927482397237
9.96996996996997,-1.1054261844307525,-1.6475991000184118
9.97997997997998,-0.7468006634006954,-1.3726511436149331
9.98998998998999,-0.3763740905408848,-1.1103493007769614
10.0,-1.469576158976824e-14,-0.5649779659638114
