Time,Signal_Sin_Pur,Signal_Bruité,Signal_Filtré
0.0,0.0,-0.0017395689910969503,-0.0004266071594908533
0.002002002002002002,0.3142664502224097,-1.322810131646393,-0.3250463267259279
0.004004004004004004,0.6272901509014801,1.1424796867501508,-0.2098431226830184
0.006006006006006006,0.9378332668791857,1.972202648592933,0.6569157977891413
0.008008008008008008,1.2446677723344581,0.5120754537262112,0.9439529099314113
0.01001001001001001,1.5465803069443447,1.0050337072623736,0.8530197476362567
0.012012012012012012,1.8423769740512494,2.384836912628673,1.2659579046235394
0.014014014014014014,2.1308880618621764,2.878916587796544,1.9359063364409266
0.016016016016016016,2.4109726690102384,1.1240405465925123,1.9680678468454467
0.018018018018018018,2.681523216186912,2.7557705448672487,1.9542549548645867
0.02002002002002002,2.9414698260040257,3.5793341081069308,2.5493464378407245
0.022022022022022022,3.1897845537655596,2.634476908169118,2.8228149722250966
0.024024024024024024,3.4254854524189042,2.768725010421982,2.7633625837185005
0.026026026026026026,3.647640455610942,4.776595474912382,3.25839739931768
0.028028028028028028,3.8553710634936236,4.215159266438155,3.8653498320289397
0.03003003003003003,4.04785581670372,5.045176017756662,4.240473503640927
0.03203203203203203,4.224333544779089,5.3208986040754445,4.702777063337014
0.03403403403403403,4.384106376165767,5.222555335835741,4.981832513045948
0.036036036036036036,4.526542497912983,4.37882729165795,4.89298736474168
0.03803803803803804,4.651078654143021,4.962392306738466,4.783916828239223
0.04004004004004004,4.757222373415884,6.51382450452191,5.251923513256258
0.04204204204204204,4.844553916180748,4.251302899731513,5.315999201170456
0.044044044044044044,4.912727934613138,3.758894361436377,4.67303583305454
0.04604604604604605,4.961474838274069,3.9250683021589867,4.26542475010495
0.04804804804804805,4.990601860190732,5.0447503391809,4.373076346195724
0.050050050050050046,4.999993819142987,3.5352674371186756,4.332333872049003
0.05205205205205205,4.989613575141217,6.017307319840684,4.550081768560961
0.05405405405405406,4.959502176294384,6.623626476131346,5.418410619137461
0.056056056056056056,4.909778696487534,2.9744320249176965,5.114619820775504
0.058058058058058054,4.840639764510594,4.930185173869665,4.544535746920673
0.06006006006006006,4.752358786500558,4.807100823723799,4.703502105600179
0.062062062062062065,4.6452848647718135,3.4603354448548482,4.424037568386208
0.06406406406406406,4.519841417310081,4.867462275785377,4.2964461524783895
0.06606606606606606,4.376524503389065,4.311988747187463,4.440292214260415
0.06806806806806806,4.215900861931114,4.872834787007809,4.514902983561359
0.07007007007007007,4.038605670369034,4.527314605284955,4.605724996057845
0.07207207207207207,3.8453400328715848,2.0478683573235736,3.959214052902754
0.07407407407407407,3.6368682078652443,3.5007909074131747,3.3780583993401
0.07607607607607608,3.4140145858159454,4.116510136845093,3.5892528772162913
0.07807807807807808,3.1776604292219206,4.342969551581333,3.903395434458783
0.08008008008008008,2.9287403877091966,2.6276464284654537,3.698334183077312
0.08208208208208208,2.668238802010613,0.31664724539830313,2.60644594513544
0.08408408408408408,2.3971858114440496,2.6442149023029,2.05416430727942
0.08608608608608609,2.1166532802826725,1.9355731631658795,2.1697837384127476
0.08808808808808809,1.8277505591260952,2.9476754863840737,2.3031146278179326
0.09009009009009009,1.531620098033919,1.0813392086074796,2.161560101729288
0.0920920920920921,1.2294329287692505,0.6051096852091102,1.5149500140154935
0.0940940940940941,0.9223840340174627,1.1933970444446274,1.2129664767569164
0.0960960960960961,0.6116876218922865,0.08397584322787288,0.9312967357458279
0.0980980980980981,0.2985723244160517,-0.6134747963842655,0.3446665073723112
0.10010010010010009,-0.015723661038679993,0.3184117754816835,0.10325590582054679
0.1021021021021021,-0.32995746813310334,-0.9055568134819163,-0.09137833747120183
0.1041041041041041,-0.6428864764093424,0.022998575450056347,-0.2629957660209004
0.1061061061061061,-0.9532732251653222,-0.3531909640713907,-0.21497851759163583
0.10810810810810811,-1.259890306925626,0.7647966941463162,-0.008595958085515942
0.11011011011011011,-1.5615252211574475,-1.1134520145642848,-0.08988314018904728
0.11211211211211211,-1.8569851690378394,-1.4257671255319442,-0.6685089305937155
0.11411411411411411,-2.1451017703116317,-1.7739734273890007,-1.1253179680659768
0.11611611611611611,-2.4247356835874365,-1.5692921790987047,-1.3932714912843707
0.11811811811811812,-2.694781111801082,-3.7378930929680108,-2.011426938247797
0.12012012012012012,-2.954170175029789,-1.7326284869374802,-2.366449021303498
0.12212212212212212,-3.2018771333651292,-2.993814096452856,-2.3648659020746985
0.12412412412412413,-3.436922443145551,-4.523699643036434,-3.0485339478963907
0.12612612612612611,-3.65837663050839,-3.4408555044484,-3.5065114330706626
0.12812812812812813,-3.8653639669435873,-5.0073287242324085,-3.8584664951679204
0.13013013013013014,-4.057065932314329,-4.936116551518743,-4.404490301360023
0.13213213213213212,-4.232724451650302,-4.138573213257937,-4.469652092272493
0.13413413413413414,-4.391644892913844,-4.963460632261633,-4.509559470932709
0.13613613613613612,-4.533198813884445,-3.6086241982213974,-4.399930043512241
0.13813813813813813,-4.65682644729927,-4.324290604524078,-4.187322744202406
0.14014014014014015,-4.7620389144222575,-6.409598277809413,-4.76589716578761
0.14214214214214213,-4.848420158288437,-6.324404472689632,-5.55119803323602
0.14414414414414414,-4.915628588978521,-4.657783502873825,-5.52171852855826
0.14614614614614616,-4.963398434417601,-4.170756324735181,-4.978543167028893
0.14814814814814814,-4.991540791356341,-5.707559430099531,-4.959225684810143
0.15015015015015015,-4.99994437237857,-5.256238952327554,-5.21558373792452
0.15215215215215216,-4.9885759459813075,-5.358348446075298,-5.260565139958693
0.15415415415415415,-4.957480467986924,-6.3706349778523625,-5.556775753901283
0.15615615615615616,-4.906780903767797,-5.818018367192874,-5.820430799085939
0.15815815815815815,-4.836677741986452,-3.6437585633014784,-5.2860380126395805
0.16016016016016016,-4.747448201774066,-4.210045317485223,-4.619416358528703
0.16216216216216217,-4.639445136482547,-7.636930303446093,-5.259030217744628
0.16416416416416416,-4.513095638345171,-3.106987190155319,-5.314418787272663
0.16616616616616617,-4.368899349563643,-3.586574161124413,-4.349342368911936
0.16816816816816815,-4.2074264865002515,-3.315923839007378,-3.90885042751514
0.17017017017017017,-4.029315584788348,-6.032159174325578,-4.284157178112765
0.17217217217217218,-3.8352709742779947,-3.6013724321233207,-4.5453881541098085
0.17417417417417416,-3.626059993801989,-5.010597553101823,-4.427966996084838
0.17617617617617617,-3.4025099567762624,-3.9892140775602765,-4.463251156118525
0.1781781781781782,-3.1655048796341045,-3.0280089299505684,-3.9950247017309373
0.18018018018018017,-2.91598198603137,-3.0909602837235526,-3.5361660942079234
0.18218218218218218,-2.6549280006466027,-2.480432871605049,-3.1680798954130567
0.1841841841841842,-2.3833752472321357,-3.4558958535078514,-3.0700264142961307
0.18618618618618618,-2.1023975663460717,-0.770995607800864,-2.6008479334646197
0.1881881881881882,-1.8131060689083365,-2.3505699063273022,-2.0907224335730685
0.19019019019019018,-1.5166447423731366,0.5576481058717522,-1.5049675448194413
0.1921921921921922,-1.2141859268929367,-1.0850663711863702,-0.8961618830529603
0.1941941941941942,-0.9069256793632539,-0.25260004838161243,-0.7846629542143349
0.1961961961961962,-0.5960790436808713,-1.2376352096472454,-0.7652669786123143
0.1981981981981982,-0.2828752459189636,-1.4961924817959744,-1.060359455320831
0.20020020020020018,0.03144716658033513,0.6400733502779069,-0.7502324512032863
0.2022022022022022,0.34564522297392175,0.007940005359760971,-0.22334549726066558
0.2042042042042042,0.6584764441781198,-0.4580790118477164,-0.22419107832039947
0.2062062062062062,0.9687037561844838,2.376039394557784,0.35612431834476455
0.2082082082082082,1.2751003820015505,1.6445105764088737,1.1674431232780424
0.21021021021021022,1.5764546928775132,2.30746570170083,1.564013876454693
0.2122122122122122,1.8715749996200937,1.513215470358801,1.7338783136616245
0.21421421421421422,2.1592942650664844,1.3353281186401618,1.5820241953419778
0.21621621621621623,2.438474719068173,3.495851662167449,1.9908669549442917
0.2182182182182182,2.708012357740949,2.036600018791655,2.371160755807699
0.22022022022022023,2.9668413091881023,3.78121459163927,2.6349117529143937
0.2222222222222222,3.2139380484326923,3.058505931672055,3.019909019909286
0.22422422422422422,3.4483254448913074,4.431580817058647,3.3755689664672714
0.22622622622622623,3.6690766263836387,4.528727837454483,3.917339974795434
0.22822822822822822,3.875318644398007,3.374808861911418,3.9342262164930255
0.23023023023023023,4.066235926118665,6.022764472451419,4.309223659878752
0.23223223223223222,4.241073499564009,4.285900094427409,4.72372793214805
0.23423423423423423,4.399139979082146,3.498451860197341,4.315872860877993
0.23623623623623624,4.539810299397731,3.531595283924836,3.9230766659228147
0.23823823823823823,4.662528187398537,4.411088059011583,3.9467494228228404
0.24024024024024024,4.766808361887145,4.62894922696769,4.2279233859028285
0.24224224224224225,4.852238452598985,3.831600319057423,4.229076681438537
0.24424424424424424,4.91848063089805,6.560308989514457,4.703305720564605
0.24624624624624625,4.965272945701838,6.2125533307967675,5.528835913992495
0.24824824824824826,4.992430359352612,4.732314763521934,5.501172233709833
0.2502502502502503,4.999845479338735,4.545458932034666,5.078243196637542
0.25225225225225223,4.987488982972499,2.894486645259832,4.4120461288134845
0.25425425425425424,4.955409733345099,3.4540795433937297,3.8049548608412067
0.25625625625625625,4.9037345861001995,4.341005818452017,3.8503668302780527
0.25825825825825827,4.832667887790207,6.038408265790197,4.507279118655811
0.2602602602602603,4.742490667798976,3.943738462673564,4.744567883791915
0.26226226226226224,4.633559527026427,5.284364462635308,4.6805529008009135
0.26426426426426425,4.506305227729724,4.864180586998442,4.873662356415364
0.26626626626626626,4.361230990097431,3.942397375987163,4.642956186780432
0.2682682682682683,4.198910502292697,2.8924683757174456,4.041868191718859
0.2702702702702703,4.019985651834705,4.35074891141026,3.8357415787418576
0.27227227227227224,3.8251639872894563,4.5180870402839055,4.129377115510337
0.27427427427427425,3.615215920307551,2.1151493717040246,3.730739554695896
0.27627627627627627,3.390971679073335,2.437826495354347,3.0174661444821553
0.2782782782782783,3.1533180252127875,1.3123051841765916,2.4571478685288106
0.2802802802802803,2.903194747143027,2.3361649293877593,2.1467202416781626
0.2822822822822823,2.641590943730254,1.9256658397911521,2.1389683615017745
0.28428428428428426,2.3695411129522177,4.279185416709447,2.611519631341584
0.2862862862862863,2.0881210610323344,1.5517120174031667,2.7605891130430815
0.2882882882882883,1.798443648222684,2.3512546435120694,2.3637433180180176
0.2902902902902903,1.5016543880587554,0.9791161267971579,2.0211184298947384
0.2922922922922923,1.1989269174886805,1.088561558365825,1.5368829180839476
0.29429429429429427,0.8914583557898864,1.071891433538454,1.3129045647033668
0.2962962962962963,0.5804645706261553,0.299560837295932,1.0052895065124405
0.2982982982982983,0.26717536996528857,-1.9561499320636089,0.10596319186348008
0.3003003003003003,-0.047170361129485,1.0481785035942612,-0.16867749616109828
0.3023023023023023,-0.3613295596029389,0.44998115215501,0.28145911481852415
0.30430430430430433,-0.6740599000329188,0.32014982267366343,0.332275403846968
0.3063063063063063,-0.9841247073385186,-2.4802141868225527,-0.3604255245334452
0.3083083083083083,-1.2902978471442457,-0.2319892177235492,-0.8487793502593834
0.3103103103103103,-1.5913685744615398,-0.9667571528638225,-0.7264519736045145
0.3123123123123123,-1.886146321513849,-1.2440791925857857,-0.9123252497748433
0.31431431431431434,-2.17346540577198,-1.5760925358141264,-1.1564641633943773
0.3163163163163163,-2.452189639582099,-0.8610504850003904,-1.1869262365036135
0.3183183183183183,-2.721216823157894,-1.9946326256280116,-1.3050890692071428
0.3203203203203203,-2.9794831031694895,-2.246641218158001,-1.7050945356690255
0.32232232232232233,-3.225967179693463,-3.3900145032711886,-2.2511071503785733
0.32432432432432434,-3.4596943448877293,-2.2757451061623892,-2.5364518315115427
0.3263263263263263,-3.6797403374205113,-4.832732416338567,-3.0356504183856923
0.3283283283283283,-3.8852349974114384,-2.6681714996693415,-3.386242382230649
0.3303303303303303,-4.07536570743131,-2.7228229590377193,-3.0474494638593423
0.33233233233233234,-4.249380605953432,-3.6879333440888518,-3.1249094659728684
0.33433433433433435,-4.406591560549036,-5.30252920049755,-3.797017437975816
0.3363363363363363,-4.546376889069441,-4.160588349638902,-4.2553861802150905
0.3383383383383383,-4.6681838180542305,-6.489164943574234,-4.779944035988444
0.34034034034034033,-4.7715306686437415,-4.561362574566824,-5.145504392150066
0.34234234234234234,-4.85600876135188,-4.731423620935647,-4.9007030043775455
0.34434434434434436,-4.9212840321668425,-6.352053144014255,-5.215114543308039
0.34634634634634637,-4.967098353589053,-3.81514123724912,-5.1506086288704225
0.3483483483483483,-4.993270555382282,-3.7192578030061014,-4.472081668094479
0.35035035035035034,-4.999697141001469,-5.946289599599107,-4.648991930953175
0.35235235235235235,-4.986352696864164,-4.305261511326896,-4.882842164873049
0.35435435435435436,-4.953289992847159,-2.948129725364568,-4.2667342520959375
0.3563563563563564,-4.900639773610882,-4.2821080363718735,-3.947133495790502
0.35835835835835833,-4.828610241576776,-3.047853670846059,-3.8087448054425543
0.36036036036036034,-4.7374862336021515,-4.179898848611044,-3.713166743075804
0.36236236236236236,-4.627628094608392,-4.66165488974101,-4.060231501608001
0.36436436436436437,-4.499470252616592,-5.38604116126134,-4.532860883024246
0.3663663663663664,-4.353519500825637,-5.335613579002512,-4.9389573736220616
0.3683683683683684,-4.1903529935261306,-3.8628767033315814,-4.772337169107444
0.37037037037037035,-4.010615963775221,-3.898221388456333,-4.334937790228102
0.37237237237237236,-3.8150191718576365,-2.573512900405597,-3.795871609256883
0.3743743743743744,-3.60433609462293,-2.32864509944383,-3.136285058671473
0.3763763763763764,-3.379399866813398,-2.8929804701788187,-2.8785542813467755
0.3783783783783784,-3.1410999864782125,-2.7906739286060827,-2.8605405823338463
0.38038038038038036,-2.8903787975018598,-4.238852113030737,-3.1814200387802214
0.38238238238238237,-2.6282277631566076,-2.0566190655863177,-3.1648986735665643
0.3843843843843844,-2.355683545415091,-0.35130418824974186,-2.203108957041902
0.3863863863863864,-2.073823905527034,-1.7571624559356245,-1.639614696403381
0.3883883883883884,-1.7837634420711557,-1.9518967999071213,-1.7450250008366037
0.39039039039039036,-1.4866491833358644,-4.169912282998119,-2.390430427039722
0.3923923923923924,-1.1836560514584076,-1.076994590249481,-2.504722282922928
0.3943943943943944,-0.8759822162593511,-1.128938534620901,-1.817196775998092
0.3963963963963964,-0.5648443571453678,0.4620198640442623,-1.0894613216976796
0.3983983983983984,-0.251472851816832,-0.3194099215784174,-0.5201349959305245
0.40040040040040037,0.06289308919369806,-0.7910842920745844,-0.5373565927395303
0.4024024024024024,0.3770103229120034,0.5244124270391474,-0.33919474102227304
0.4044044044044044,0.6896366898632661,0.15038271523800206,-0.007343430839656141
0.4064064064064064,0.9995359261240238,0.6684353781571167,0.1970630532524928
0.4084084084084084,1.3054825520604445,-0.20657231036327373,0.21367468107287563
0.41041041041041043,1.606266718420716,1.5425944378572205,0.43651511414328087
0.4124124124124124,1.9006989906179752,2.0730607108087975,1.1091089766575268
0.4144144144144144,2.187615052284516,-0.07466913281938181,1.0551993553439714
0.4164164164164164,2.465880309497369,0.7339110952400343,0.6993216284342085
0.4184184184184184,2.7343943774681363,2.946016881949847,1.2587776773216572
0.42042042042042044,2.9920954319546356,3.186980262719593,2.145418770742718
0.4224224224224224,3.2379644081869667,2.4423696433323014,2.473671895921159
0.4244244244244244,3.471029030703612,2.9098460451272765,2.572961576674003
0.4264264264264264,3.6903676581616898,5.084002271820453,3.2713789839190426
0.42842842842842843,3.8951129279174523,4.2005465642635915,3.943768305760651
0.43043043043043044,4.084455185964526,3.9840375984962635,4.016615437846906
0.43243243243243246,4.257645688666557,3.049321686734162,3.7714096533989956
0.4344344344344344,4.413999563623095,5.679746825273576,4.0623221762554165
0.4364364364364364,4.552898517960177,4.678310707098703,4.610038338998297
0.43843843843843844,4.673793283335755,2.673144676096295,4.151782744181821
0.44044044044044045,4.776205787991435,6.006821630113317,4.244090255153287
0.44244244244244246,4.859731047261169,6.2952357707892315,5.17939503195261
0.4444444444444444,4.924038765061038,3.5703241421824656,5.058436613665152
0.44644644644644643,4.96887464002712,4.3997453679387855,4.531960319554252
0.44844844844844844,4.994061371136346,6.353804219343754,4.946320318992683
0.45045045045045046,4.999499358833744,6.124462544700509,5.580412224969782
0.45245245245245247,4.985167098893451,5.403900272039937,5.670546332594889
0.4544544544544544,4.951121267455994,5.588248176827631,5.584972203768812
0.45645645645645644,4.897496496905583,3.0029289497308524,4.952562342270452
0.45845845845845845,4.8245048434736955,4.744244970692005,4.4233523767484755
0.46046046046046046,4.732434948674261,4.80535146099858,4.59572761670654
0.4624624624624625,4.621650897886544,5.808486312116126,4.944548835110103
0.46446446446446443,4.492590780599341,4.304011727424825,4.999334932972788
0.46646646646646645,4.345764958009998,4.718826362313948,4.760024607070745
0.46846846846846846,4.1817540448288835,3.837786997319107,4.523754223230258
0.47047047047047047,4.001206613270162,2.569389503453383,3.87624641110684
0.4724724724724725,3.8048366283083377,3.3730007348661637,3.432341785504616
0.4744744744744745,3.5934206243426896,2.7316112737986007,3.2459439065581313
0.47647647647647645,3.3677946344343317,4.900680655923486,3.525613504801603
0.47847847847847846,3.1288508842590366,3.3192020981282546,3.8122114552786766
0.4804804804804805,2.8775342638494554,3.0001309677313874,3.4921547778049287
0.4824824824824825,2.614838591079016,4.727666118967946,3.674485634113732
0.4844844844844845,2.341802681663304,2.654527707769968,3.6826330438397608
0.48648648648648646,2.0595062412199705,2.2552378228389047,3.0804527778420576
0.48848848848848847,1.7690655956316983,2.574852825659782,2.7540873561381143
0.4904904904904905,1.4716292765964112,0.28931765370483475,2.105678962302039
0.4924924924924925,1.168373479821262,0.5261520875428456,1.272880597152584
0.4944944944944945,0.8604974138208422,0.41238148822881243,0.8787284752724026
0.4964964964964965,0.5492185577125034,0.5415965911060331,0.6816855061736882
0.4984984984984985,0.23576784676153786,0.9805531512144505,0.7206239692803907
0.5005005005005005,-0.07861519528520704,-0.9782992450053399,0.3677289936814482
0.5025025025025025,-0.39268735782834396,-0.24958547563134956,-0.11375582241579571
0.5045045045045045,-0.7052066596245864,0.6201896463198276,0.03292447046794389
0.5065065065065065,-1.0149372601338078,0.4240111081302169,0.27285280345277707
0.5085085085085085,-1.3206543465830267,-1.356965299143329,-0.08976969641463114
0.5105105105105106,-1.621148977421861,-1.9790781736897813,-0.8638621563190755
0.5125125125125125,-1.9152328630158304,-1.7658016379401418,-1.3585438746529905
0.5145145145145145,-2.2017430646730913,-2.1067266716822157,-1.6419009693815303
0.5165165165165165,-2.4795465934219445,-2.2408492059607075,-1.9027779916373508
0.5185185185185185,-2.7475448903540296,-3.2248238078325904,-2.309900568802477
0.5205205205205206,-3.004678170815616,-1.9882551609269636,-2.455394407582713
0.5225225225225225,-3.2499296152682233,-2.7743316906263584,-2.419049761839368
0.5245245245245245,-3.482329390246101,-3.1799526362991237,-2.692779881666166
0.5265265265265265,-3.7009584835097127,-3.2121318687184806,-2.939617266791576
0.5285285285285285,-3.904952338229584,-3.720864037925621,-3.1980388346876776
0.5305305305305306,-4.093504271829139,-5.297328560103694,-3.841079155190427
0.5325325325325325,-4.2658686659669645,-4.620779881979383,-4.389417473090187
0.5345345345345345,-4.421363915043882,-5.770798700709538,-4.784922328188812
0.5365365365365365,-4.5593751215751706,-5.771711424941543,-5.268693432858692
0.5385385385385385,-4.679356527769057,-5.2169756149747055,-5.379369057900329
0.5405405405405406,-4.780833673696253,-4.633597045401171,-5.15665303613325
0.5425425425425425,-4.8634052735157995,-5.275196782713033,-5.0574515555709505
0.5445445445445445,-4.92674480233808,-2.7260016938621647,-4.5390923903006275
0.5465465465465466,-4.970601787449697,-5.327328536263718,-4.287759852811629
0.5485485485485485,-4.994802798794137,-5.955929615001085,-4.951798251317975
0.5505505505505506,-4.999252134791502,-5.449221141830483,-5.320035325261136
0.5525525525525525,-4.983932200785172,-3.8731808137415142,-4.996893844825637
0.5545545545545546,-4.948903578618916,-5.244322951123003,-4.781996362763116
0.5565565565565566,-4.8943047870693075,-5.493354322374715,-5.0698275633139405
0.5585585585585585,-4.8203517340807585,-4.698444404003428,-5.082615117638566
0.5605605605605606,-4.727336862969317,-6.661039722472598,-5.375490687876219
0.5625625625625625,-4.6156279959715665,-4.899297523977895,-5.573974916316056
0.5645645645645646,-4.485666879711568,-4.090828589467033,-5.044796106946759
0.5665665665665666,-4.33796743833801,-4.608046004983506,-4.7037403073085216
0.5685685685685685,-4.1731137412390895,-1.2012506197276305,-3.8213314697658003
0.5705705705705706,-3.9917576933720307,-2.1885550864269927,-2.77837234981333
0.5725725725725725,-3.794616457340444,-3.8616699924252016,-2.8993921334053114
0.5745745745745746,-3.5824696174139135,-4.752774809305933,-3.589897051026018
0.5765765765765766,-3.356156096704522,-5.480792908664599,-4.338796171832716
0.5785785785785785,-3.1165708396910907,-3.85585920329856,-4.500422193638783
0.5805805805805806,-2.864661273210105,-2.655492314358858,-3.8899057455319
0.5825825825825826,-2.601423559907898,-0.6440592086120722,-2.791178998532672
0.5845845845845846,-2.3278986589697865,-1.8215566673709238,-2.026837653092849
0.5865865865865866,-2.0451682097037285,-2.5318476838283415,-2.100342387406096
0.5885885885885885,-1.7543502542566651,-3.353832057828358,-2.5135659618897006
0.5905905905905906,-1.4565948163777296,-2.364709931024835,-2.683125482330748
0.5925925925925926,-1.1530793537122088,-0.705461158795992,-2.1200411100620653
0.5945945945945946,-0.8450041016092509,-0.6299688465517019,-1.407712115353323
0.5965965965965966,-0.5335873268567974,-1.6150691477037737,-1.267832148884347
0.5985985985985985,-0.2200605101119263,0.32910232108483894,-0.9613597461692832
0.6006006006006006,0.0943365239223379,-0.25007774013320205,-0.47045748388218145
0.6026026026026026,0.40836050931602064,-2.244527398515128,-0.8514802279768003
0.6046046046046046,0.7207696553397992,0.8203978379201319,-0.7831004989427616
0.6066066066066066,1.0303285570584557,1.436036391521203,0.15435214849218976
0.6086086086086087,1.335813080672602,-1.1582207210076614,0.1467771059001804
0.6106106106106106,1.6360152042888565,0.724085819824153,-0.031679389399100144
0.6126126126126126,1.929747794976628,1.8600255991698922,0.6175789882204235
0.6146146146146146,2.2158493032206334,1.833669780802759,1.2205040021696214
0.6166166166166166,2.4931883562049473,1.9129166377935145,1.540680495110868
0.6186186186186187,2.760668231765359,2.3471716974377133,1.8297483774669456
0.6206206206206206,3.017231195317126,3.199880442241273,2.292647316910556
0.6226226226226226,3.261862682608952,4.056310789161287,2.9476507209833662
0.6246246246246246,3.4935953117618364,3.989820307412761,3.4751143250121546
0.6266266266266266,3.7115127087280357,5.220325014307704,4.029330131877264
0.6286286286286287,3.9147531310423185,2.6304918586575172,3.9783591850407944
0.6306306306306306,4.102512875535432,3.403898202768872,3.506932628484897
0.6326326326326326,4.274049456534625,3.827313051544735,3.560233968660593
0.6346346346346347,4.428684541982644,3.4166777269933704,3.5905263736721125
0.6366366366366366,4.565806635864915,4.741193257916187,3.830078616669863
0.6386386386386387,4.6848734963371905,3.011688330050175,3.852818084748072
0.6406406406406406,4.785414279991355,3.9675630215135533,3.6746814512133357
0.6426426426426426,4.86703140378001,2.9998230989828683,3.5810065060029332
0.6446446446446447,4.929402117236977,4.982844423462415,3.7822615820670045
0.6466466466466466,4.972279778776388,4.483729345880463,4.248715289881339
0.6486486486486487,4.995494831023407,5.451960663358188,4.601430113472652
0.6506506506506506,4.998955471319631,4.891560435065092,4.881162677581378
0.6526526526526526,4.982648014751685,4.8740719649709305,4.881973688255236
0.6546546546546547,4.946636948267467,5.541682266630659,5.0418210253888684
0.6566566566566566,4.891064675666045,6.718125487990328,5.575497973097947
0.6586586586586587,4.816150954469561,5.356225209246151,5.801938976334854
0.6606606606606606,4.722192026904146,3.7026668506506777,5.177813570434455
0.6626626626626626,4.6095594484261335,4.172434207386186,4.569496112687258
0.6646646646646647,4.478698618426277,5.562721697769925,4.71569766912157
0.6666666666666666,4.330127018922202,4.559344542467888,4.885075919223127
0.6686686686686687,4.164432168203865,4.463184489001149,4.701730939123195
0.6706706706706707,3.9822692975246516,4.80662641459665,4.668954738265494
0.6726726726726726,3.784358760024964,2.661513259591764,4.210417486589061
0.6746746746746747,3.5714831821351085,4.40025209727278,3.8771229570054704
0.6766766766766766,3.3444843687217,2.582646384851648,3.6879598145363883
0.6786786786786787,3.104259974216218,4.745317806712891,3.676199353708313
0.6806806806806807,2.8517599528895192,2.9581810916735516,3.7623022078824833
0.6826826826826827,2.5879828023093876,3.205902721921388,3.4286518424810266
0.6846846846846847,2.3139716148365035,2.8696839440064785,3.236945690714353
0.6866866866866866,2.0308099527723686,2.987724480180046,3.0857610900405006
0.6886886886886887,1.7396175634714233,1.197603311025746,2.5986721899903724
0.6906906906906907,1.4415459513611106,2.715575935026272,2.283747031571063
0.6926926926926927,1.1377738243804107,2.6684809487140426,2.4839986727672922
0.6946946946946947,0.8295024328435631,1.718204394459954,2.341439301236641
0.6966966966966966,0.5179508191612079,-0.3053688708472331,1.5395028466176468
0.6986986986986987,0.2043509972035666,-0.5615796294965592,0.5718077919120089
0.7007007007007007,-0.11005691963113182,0.2992004403338293,0.22700546476508005
0.7027027027027027,-0.4240296223775426,-1.3190748948614783,-0.13444617085616248
0.7047047047047047,-0.7363255231007051,1.7219757478838795,0.0303025617539458
0.7067067067067067,-1.0457096646878214,-2.035201712384982,-0.06137475567416417
0.7087087087087087,-1.350958604418915,-3.737396240644114,-1.4469281931031521
0.7107107107107107,-1.650865252004174,-2.4191972467495555,-2.2470729496645134
0.7127127127127127,-1.9442436429569467,-1.4741188831099223,-2.099727094109042
0.7147147147147147,-2.2299336284253752,-2.351570784418734,-2.0080661014690033
0.7167167167167167,-2.5068054629380123,-0.292476281190579,-1.6715796809756702
0.7187187187187187,-2.7737642719205855,-2.771485465834054,-1.603110018633968
0.7207207207207207,-3.029754381317729,-1.2728347548129746,-1.8086434239947164
0.7227227227227228,-3.273763492198679,-3.302308293699713,-2.043545468695025
0.7247247247247247,-3.5048266838379805,-2.375317200806018,-2.4336038296774705
0.7267267267267267,-3.7220302294420904,-3.2554807307314473,-2.6208646274370455
0.7287287287287287,-3.9245152094320197,-4.096184331735934,-3.1382995358495096
0.7307307307307307,-4.111480907994036,-1.795220168381297,-3.0438354686726274
0.7327327327327328,-4.28218797946673,-2.637010476959314,-2.637859802117733
0.7347347347347347,-4.435961372043014,-3.213235263735752,-2.7787550263845953
0.7367367367367368,-4.572192997225831,-3.112007988164181,-2.967031824260523
0.7387387387387387,-4.690344134480826,-4.5733058357748275,-3.396503645565987
0.7407407407407407,-4.789947561577443,-3.765428828231852,-3.7755736147734265
0.7427427427427428,-4.870609402193681,-4.998580079553294,-4.073012508003106
0.7447447447447447,-4.932010683478572,-5.574475227083308,-4.668210803433279
0.7467467467467468,-4.973908597412927,-4.360800259726895,-4.815072097225217
0.7487487487487487,-4.996137460980396,-5.674588555458605,-4.914453183825133
0.7507507507507507,-4.998609371351944,-5.076244873611764,-5.140544064349606
0.7527527527527528,-4.981314553492773,-4.859677218790493,-5.055896486098336
0.7547547547547547,-4.944321398817179,-5.203032326463718,-5.043859400214897
0.7567567567567568,-4.887776194738431,-6.168971836190657,-5.35881404309389
0.7587587587587588,-4.811902546183167,-4.323688691268258,-5.303643611970952
0.7607607607607607,-4.717000491357911,-4.794453577903373,-4.938449760806657
0.7627627627627628,-4.603445315264313,-4.606535772915555,-4.821738847255954
0.7647647647647647,-4.47168606565514,-3.4016974208598842,-4.42071594152324
0.7667667667667668,-4.322243777299328,-5.090814335898806,-4.335147720471564
0.7687687687687688,-4.155709411578471,-4.804791275884656,-4.635639448107973
0.7707707707707707,-3.97274151956223,-5.240300014037912,-4.8254070910974205
0.7727727727727728,-3.774063637803993,-4.387578705992533,-4.81978246084956
0.7747747747747747,-3.560461427155137,-4.409475988858199,-4.613167548444655
0.7767767767767768,-3.3327795659118555,-2.4721676303586837,-4.038161799151841
0.7787787787787788,-3.0919184095810834,-4.043479907554557,-3.6554258545494376
0.7807807807807807,-2.838830430473544,-2.8955861084739847,-3.5642501442029006
0.7827827827827828,-2.5745164512040657,-2.8072856550185623,-3.214632889230526
0.7847847847847848,-2.3000216869930714,-2.4504687055346017,-2.927334621175268
0.7867867867867868,-2.016431612419904,-1.6960203447924753,-2.508425165242655
0.7887887887887888,-1.7248676689729645,-2.114775275279015,-2.2126555942549824
0.7907907907907907,-1.4264828303702588,-0.36382195861453726,-1.7352487683282785
0.7927927927927928,-1.1224570431878702,-1.6413763663442456,-1.3759027822214616
0.7947947947947948,-0.8139925608254763,0.9699238418455374,-0.8657226711416929
0.7967967967967968,-0.5023091892608418,-1.9140145412993725,-0.6726339638765436
0.7987987987987988,-0.1886394633935853,0.9925240467756402,-0.5687079408377572
0.8008008008008007,0.12577622694686477,-1.3842666839736333,-0.3858410661331856
0.8028028028028028,0.4396945420552945,0.5944679638839765,-0.3902839287678459
0.8048048048048048,0.7518741090696746,1.6816137107708926,0.35932047390926897
0.8068068068068068,1.0610804309125332,1.6644553614056734,1.0036637880493688
0.8088088088088088,1.3660907680423255,1.1112127446187516,1.1920895260746258
0.8108108108108109,1.6656989737102867,2.4207567061450863,1.4735705159921757
0.8128128128128128,1.9587202636019883,2.1869188917861764,1.8807954884080633
0.8148148148148148,2.2439959010022985,2.28067770401555,2.053934382721248
0.8168168168168168,2.520397778956629,2.739648475925622,2.277702952837105
0.8188188188188188,2.7868328813082037,2.8199474510178435,2.5239677774892137
0.8208208208208209,3.042247604971081,4.371375238504136,3.04960619817655
0.8228228228228228,3.2856319263459404,3.7298273608339203,3.5405688206393515
0.8248248248248248,3.516023395403407,3.368185027928055,3.544707137732728
0.8268268268268268,3.7325109416402618,2.886067618990948,3.3398943755523165
0.8288288288288288,3.9342384768579426,3.559505513636681,3.2824559754553695
0.8308308308308309,4.120408280516826,3.9666937348641973,3.518199453051489
0.8328328328328328,4.290284154278433,4.589635819466667,3.8909431037960958
0.8348348348348348,4.443194333261777,3.6898051435798944,4.012962076312791
0.8368368368368369,4.578534142500844,5.039673462737575,4.185499853528151
0.8388388388388388,4.695768388098833,5.228112836706665,4.650662629181385
0.8408408408408409,4.79443347362325,3.2777972023042645,4.455597168092942
0.8428428428428428,4.874139233372668,4.893059760945792,4.274038847986354
0.8448448448448448,4.934570475265799,6.253090061319517,4.911182977148562
0.8468468468468469,4.975488227251329,5.687889308639751,5.430745958519544
0.8488488488488488,4.996730682309904,4.742985457463969,5.325142581747036
0.8508508508508509,4.99821383831115,5.660068996461926,5.264512396173723
0.8528528528528528,4.9799318301955235,7.0477522299143995,5.79883449698545
0.8548548548548548,4.941956953167367,3.3916641063698423,5.514787771160076
0.8568568568568569,4.884439376807465,4.7012377486408035,4.794605917777742
0.8588588588588588,4.807606551235629,4.2897032299293825,4.6478876029475185
0.8608608608608609,4.711762307671595,4.62727775158706,4.55499313947942
0.8628628628628628,4.597285656951028,5.421718429933077,4.7852733694189356
0.8648648648648649,4.464629290747842,5.319739691099037,5.072424486350724
0.8668668668668669,4.314317791429654,2.6345474650903635,4.535217075196517
0.8688688688688688,4.14694555762542,2.5494755586327367,3.582124199979874
0.8708708708708709,3.9631744537084295,3.3671210320670033,3.276153469812741
0.8728728728728729,3.7637311924897787,3.719098255157125,3.4070886791616513
0.8748748748748749,3.549404461472146,2.976698890779562,3.3780574384321116
0.8768768768768769,3.3210418040280714,2.353275774295404,3.0283146987644836
0.8788788788788788,3.0795462678359113,4.445907284876588,3.210416535474798
0.8808808808808809,2.825872833826961,3.2478691766283707,3.5225897041256378
0.8828828828828829,2.561024639765581,1.6400295224161172,2.993544061044368
0.8848848848848849,2.2860490133953877,2.2705502547308014,2.484306812491165
0.8868868868868869,2.002033330839025,3.8613454834445973,2.7695869482809354
0.8888888888888888,1.7101007166283635,0.6495525271266411,2.5174153717924486
0.8908908908908909,1.4114056023698593,-1.9378721424409757,0.9667432067623276
0.8928928928928929,1.1071291616078112,-0.9901854692310543,-0.22548860349836705
0.8948948948948949,0.7984746389377427,-0.3255719513159173,-0.43756494676194935
0.8968968968968969,0.4866625918415236,-0.9930443557270824,-0.5463243464250038
0.8988988988988988,0.17292606405909444,0.9416108158578191,-0.29097957935609375
0.9009009009009009,-0.14149429041558528,1.5013264466454748,0.4508377769046933
0.9029029029029029,-0.45535511343320156,-0.4015639759903167,0.49941607265517535
0.9049049049049049,-0.7674152594810815,-1.4764710175348217,-0.2060989857371172
0.9069069069069069,-1.0764407037254369,-0.5409278624647789,-0.5997540827771739
0.9089089089089089,-1.3812094218953601,-2.4359314288141736,-1.035626830017347
0.9109109109109109,-1.6805162227110713,-1.9388836609187492,-1.6005459584139519
0.9129129129129129,-1.9731775137471976,-0.8509965184477795,-1.4997015123669604
0.914914914914915,-2.2580359818844715,-2.4618496450610867,-1.5765694536668087
0.9169169169169169,-2.533965169841361,-4.084208342440286,-2.4086396840403363
0.9189189189189189,-2.7998739306879634,-1.7713278674903759,-2.66325896294819
0.9209209209209209,-3.0547107427271176,-2.9204467392824793,-2.507596240881427
0.9229229229229229,-3.297467867679471,-4.229917386296387,-3.031219917007877
0.924924924924925,-3.5271853357297593,-3.1506874129173856,-3.354483101406722
0.9269269269269269,-3.742954741674949,-4.039571721729127,-3.4725140686078877
0.9289289289289289,-3.943922837163144,-3.2359995555869605,-3.553575567639588
0.9309309309309309,-4.129294904817716,-3.2846915485447488,-3.4097537075563196
0.9329329329329329,-4.298337900903718,-4.154829349851437,-3.561804124816765
0.934934934934935,-4.4503833541095315,-4.339711064332282,-3.898007793407457
0.9369369369369369,-4.584830008980062,-3.6383707996856867,-3.9426572311441523
0.938938938938939,-4.7011462035487925,-4.635966999406347,-4.038060254271645
0.9409409409409409,-4.798871971765944,-4.008310640719909,-4.1773935611364905
0.9429429429429429,-4.877620862409189,-7.047540587961393,-4.839795162875167
0.944944944944945,-4.937081467283945,-5.528573180278358,-5.55013067961709
0.9469469469469469,-4.977018652670061,-4.6091116545472985,-5.314071035548847
0.948948948948949,-4.997274489145347,-4.908160099311486,-5.0416442257899785
0.950950950950951,-4.99776887610882,-4.825182400410578,-4.955824434070606
0.9529529529529529,-4.978499858534189,-3.7420953959772034,-4.626134535505127
0.954954954954955,-4.9395436347008905,-4.868554192597829,-4.468785521883611
0.9569569569569569,-4.881054254872152,-6.263069009886883,-5.0068488950499805
0.958958958958959,-4.803263012111605,-4.071144740334321,-5.085451355785144
0.960960960960961,-4.706477527647521,-3.4196692914437667,-4.4281937105170694
0.9629629629629629,-4.5910805344013745,-3.985777398976796,-4.07236895918811
0.964964964964965,-4.457528363491424,-2.9765078683794597,-3.782387492936541
0.9669669669669669,-4.306349139696157,-5.832759381327701,-4.0875833847923815
0.968968968968969,-4.138140693013658,-5.932368476461436,-4.967975660327148
0.970970970970971,-3.9535681945754693,-3.916028715502401,-4.946504124369968
0.9729729729729729,-3.753361526263632,-3.352429300256299,-4.302866576469586
0.974974974974975,-3.5383123944325314,-3.8196385740427257,-3.95127840991135
0.9769769769769769,-3.309271199149348,-4.6313609447114,-4.085777003029576
0.978978978978979,-3.067143671333315,-3.3954873064656357,-4.050289757988888
0.980980980980981,-2.8128872910921894,-2.3869727346956706,-3.4818004542744783
0.9829829829829829,-2.5475075014193833,-2.2641113749910526,-2.91468513554521
0.984984984984985,-2.2720537322243866,-2.223513149261598,-2.5856390645087015
0.986986986986987,-1.9876152504195783,-2.1882444041647573,-2.3993763080523256
0.988988988988989,-1.6953168524733708,-1.0816362331836986,-2.0244399097718215
0.990990990990991,-1.3963144164641592,-1.1801274959739514,-1.5861724292051496
0.992992992992993,-1.0917903312232338,-1.275047977184727,-1.4102957632713267
0.994994994994995,-0.7829488206427924,-0.8703726176003667,-1.2447186836372182
0.996996996996997,-0.4710111816381502,-1.0268931880119707,-1.099496143373018
0.998998998998999,-0.15721095459560158,-0.8326886437415186,-1.0162600481983375
1.001001001001001,0.1572109545956071,0.456417008144135,-0.6100861885302992
1.003003003003003,0.471011181638138,-0.01465243716824316,-0.20251729975190003
1.005005005005005,0.7829488206427803,1.3908654017914968,0.23431099942528008
1.007007007007007,1.0917903312232218,-0.08137093316789468,0.44052427274750117
1.009009009009009,1.3963144164641306,0.6288891965531497,0.3587302151486138
1.011011011011011,1.695316852473376,0.9264688726620136,0.5642139490575907
1.013013013013013,1.9876152504195672,2.3513287243946124,1.0913195175368906
1.015015015015015,2.272053732224376,2.6050635025934756,1.7715471925456718
1.017017017017017,2.547507501419357,1.3718305687360457,1.8779310456042357
1.019019019019019,2.812887291092179,2.952364832841653,2.017307558074581
1.021021021021021,3.0671436713333193,5.20625885631026,3.028668183636904
1.023023023023023,3.3092711991493386,3.7160174814974782,3.731258255773441
1.025025025025025,3.53831239443251,3.33832644011937,3.631159121986127
1.027027027027027,3.7533615262636006,6.430710723268449,4.245900039608207
1.029029029029029,3.9535681945754613,4.345938190046948,4.806230142047145
1.031031031031031,4.138140693013661,4.6359131817931445,4.6515813306558025
1.033033033033033,4.306349139696151,4.982200905944289,4.728819160309451
1.035035035035035,4.457528363491409,3.1725509556110114,4.409302835124944
1.037037037037037,4.591080534401369,5.7604567416515,4.437358476512915
1.039039039039039,4.706477527647511,5.541600577426053,5.032632813994538
1.0410410410410411,4.803263012111606,5.639342579639298,5.306238531285964
1.043043043043043,4.881054254872145,5.67820260566061,5.47914751657137
1.045045045045045,4.939543634700886,7.405900705810339,6.000474946458395
1.047047047047047,4.978499858534188,4.872933916440642,6.06862264031467
1.049049049049049,4.997768876108818,4.672962140843018,5.433127217552953
1.0510510510510511,4.997274489145346,5.229076087906973,5.196665462351651
1.053053053053053,4.977018652670065,5.255793713673852,5.219114207096794
1.055055055055055,4.937081467283944,5.325192400162332,5.2541237163784995
1.057057057057057,4.877620862409195,5.685597475267137,5.377365855718375
1.059059059059059,4.798871971765952,3.2661104936109195,4.935197225877201
1.0610610610610611,4.701146203548796,5.52134134255352,4.669619329574793
1.063063063063063,4.584830008980075,4.912268041124783,4.937999824174632
1.065065065065065,4.45038335410953,4.580607253616757,4.8440434516128885
1.067067067067067,4.298337900903733,5.718969502262789,4.994003556922426
1.069069069069069,4.1292949048177325,4.659046796405531,5.089648346732093
1.0710710710710711,3.943922837163163,3.4436361494505046,4.580385249516194
1.073073073073073,3.7429547416749456,1.3866619833683407,3.518392005868501
1.075075075075075,3.5271853357297682,3.8709886849399577,3.082082192414667
1.077077077077077,3.2974678676794937,2.8629005380568504,3.2217999593706925
1.079079079079079,3.054710742727141,1.0570347136056863,2.602903312764547
1.0810810810810811,2.799873930687988,2.578592780047421,2.217836860804496
1.083083083083083,2.5339651698413563,3.4284405828717395,2.6031928176815957
1.085085085085085,2.258035981884482,2.691814202447665,2.8273075979544364
1.087087087087087,1.9731775137472254,0.9738362432099502,2.3395393020289807
1.089089089089089,1.6805162227111166,2.7974100955485572,2.1169049909003785
1.0910910910910911,1.381209421895355,4.247009815856029,2.806171311834845
1.093093093093093,1.0764407037254489,1.300436403224526,2.790256294399703
1.095095095095095,0.7674152594810936,1.3598058090608847,2.0740971442619847
1.097097097097097,0.4553551134332315,1.0088406573799464,1.6376856851922867
1.0990990990990992,0.1414942904155975,-1.0282072249954606,0.829693130605164
1.1011011011011012,-0.17292606405909994,0.5068552195452631,0.29489482004985423
1.103103103103103,-0.4866625918415114,-1.7691540245018103,-0.15930630374291033
1.105105105105105,-0.7984746389377305,0.3315469830267991,-0.43372544975745236
1.107107107107107,-1.1071291616077645,-0.4781528521706151,-0.2569473786297351
1.1091091091091092,-1.4114056023698816,-1.6079426467483569,-0.64250960466472
1.1111111111111112,-1.7101007166283522,-0.3831101929170275,-0.8156553684051394
1.1131131131131131,-2.002033330839014,-2.6198028745715845,-1.1520233867110639
1.115115115115115,-2.2860490133953766,-0.5681846983440275,-1.3687986198636146
1.117117117117117,-2.5610246397655407,-1.1908731795287384,-1.1288242930348262
1.1191191191191192,-2.8258728338269803,-1.7441476595655945,-1.2949412186984393
1.1211211211211212,-3.079546267835902,-2.371030796912665,-1.669000658371878
1.1231231231231231,-3.321041804028062,-6.726020384454518,-3.0813343552170505
1.125125125125125,-3.549404461472125,-2.6629130690260743,-3.8725347300459
1.127127127127127,-3.7637311924897707,-2.2173296012160444,-3.1699724140319794
1.1291291291291292,-3.963174453708433,-4.846039526145505,-3.347383018043376
1.1311311311311312,-4.146945557625414,-4.340876905015525,-3.9585511904515442
1.1331331331331331,-4.314317791429648,-4.86169701646169,-4.273796728476944
1.135135135135135,-4.464629290747829,-3.736786474298922,-4.286276861705227
1.137137137137137,-4.597285656951024,-4.379131173525358,-4.174292674746349
1.1391391391391392,-4.711762307671597,-3.2487836670538845,-3.9975574027853744
1.1411411411411412,-4.807606551235627,-5.254540995474426,-4.122189403362254
1.1431431431431431,-4.8844393768074585,-5.088009739807643,-4.636739370133592
1.145145145145145,-4.941956953167364,-5.653064144386537,-4.996648404404468
1.147147147147147,-4.97993183019552,-5.424470388457828,-5.262543909573198
1.1491491491491492,-4.99821383831115,-7.242017183618842,-5.787694950208806
1.1511511511511512,-4.996730682309904,-5.279607275904991,-6.019746935234036
1.1531531531531531,-4.975488227251333,-5.112789904669947,-5.615817430926761
1.155155155155155,-4.934570475265801,-5.108039468786114,-5.367930247141606
1.157157157157157,-4.874139233372675,-6.407731802710813,-5.55919344108578
1.1591591591591592,-4.794433473623248,-5.870567798980036,-5.843647275951739
1.1611611611611612,-4.695768388098843,-4.89281234096593,-5.617069022996499
1.1631631631631631,-4.578534142500843,-5.286368434980053,-5.3583541765820515
1.165165165165165,-4.443194333261783,-2.80782389553577,-4.715215492881015
1.167167167167167,-4.290284154278449,-2.473962930204557,-3.6978133030839104
1.1691691691691692,-4.120408280516823,-7.272390578144772,-4.274299163438325
1.1711711711711712,-3.934238476857961,-4.731835345472149,-5.121747859551241
1.1731731731731732,-3.7325109416402578,-3.5757406139901313,-4.64698817258905
1.1751751751751751,-3.516023395403428,-3.11847655328026,-4.009430315485542
1.177177177177177,-3.285631926345963,-2.7183408699344995,-3.4743119847315325
1.1791791791791792,-3.0422476049710907,-4.183446301673129,-3.4628258560438994
1.1811811811811812,-2.7868328813081993,-3.0937505086711945,-3.549037818068802
1.1831831831831832,-2.5203977789566245,-2.18545059985391,-3.102981984890415
1.1851851851851851,-2.2439959010023256,-1.3029413489468264,-2.4365320271620505
1.187187187187187,-1.9587202636020158,-2.0425449340979736,-2.061913016796792
1.1891891891891893,-1.6656989737102985,-2.2189247228383397,-2.095668363941283
1.1911911911911912,-1.3660907680423204,-1.66679039567155,-2.0207185532003566
1.1931931931931932,-1.0610804309125452,-0.15947576995324875,-1.4774760674653216
1.1951951951951951,-0.7518741090697043,0.3646776717336806,-0.7024885021232062
1.197197197197197,-0.4396945420553421,0.708157439518975,-0.09483661032987431
1.1991991991991993,-0.12577622694685925,0.378054911914614,0.21805809090463735
1.2012012012012012,0.18863946339359083,0.11298174020273248,0.2315266373985904
1.2032032032032032,0.5023091892608297,0.6594014330402865,0.3073858588476686
1.2052052052052051,0.8139925608254467,0.9015239889250009,0.539418015253161
1.207207207207207,1.1224570431878236,3.0806778695782984,1.2514315399731872
1.2092092092092093,1.426482830370264,1.9133967019886027,1.8623694582566328
1.2112112112112112,1.7248676689729532,1.582860181163452,1.8063371469509133
1.2132132132132132,2.016431612419893,2.3410939592701636,1.8826745683554744
1.2152152152152151,2.300021686993029,2.8882522373223845,2.241701218298927
1.2172172172172173,2.5745164512040555,1.9127145507675463,2.3195798345762615
1.2192192192192193,2.8388304304735485,2.8645693114529576,2.353453035330743
1.2212212212212212,3.0919184095810737,2.706354392595956,2.5653423655130356
1.2232232232232232,3.3327795659118458,3.337865484958348,2.7893752356952737
1.2252252252252251,3.5604614271551034,4.5520179721493825,3.3561511918593903
1.2272272272272273,3.7740636378040087,4.385739165330794,3.9019156518701936
1.2292292292292293,3.972741519562222,5.311225829078776,4.366182599859154
1.2312312312312312,4.155709411578464,2.5519071747440742,4.153014464575756
1.2332332332332332,4.322243777299313,3.7371347642873403,3.658374070898386
1.2352352352352352,4.471686065655135,4.182202679655247,3.806151429453103
1.2372372372372373,4.603445315264322,3.7650441621772455,3.888292179188261
1.2392392392392393,4.717000491357907,4.558188035457222,4.022350605810702
1.2412412412412412,4.8119025461831635,4.389811093838883,4.24387292588276
1.2432432432432432,4.887776194738425,5.703704110626997,4.637667426623425
1.2452452452452452,4.944321398817177,4.610083127644809,4.892334660006702
1.2472472472472473,4.981314553492774,4.131717037568387,4.636584270038323
1.2492492492492493,4.998609371351944,3.866398877395568,4.3238938384517756
1.2512512512512513,4.996137460980398,6.459539374216298,4.735438912857139
1.2532532532532532,4.97390859741293,5.6941079093526294,5.393353984832806
1.2552552552552552,4.932010683478575,4.319533612950004,5.203769275692158
1.2572572572572573,4.870609402193679,6.185326098497963,5.227636051810608
1.2592592592592593,4.7899475615774465,3.284828698586836,4.986048567751253
1.2612612612612613,4.690344134480837,5.5918044590217395,4.717399966674967
1.2632632632632632,4.572192997225829,5.7206363254900365,5.177867492917218
1.2652652652652652,4.435961372043027,5.267814287801269,5.333032949404597
1.2672672672672673,4.282187979466727,4.0319436147586245,4.997963299248326
1.2692692692692693,4.1114809079940535,2.448078861317267,4.135732552215822
1.2712712712712713,3.9245152094320384,3.343172703896256,3.5274917418129026
1.2732732732732732,3.7220302294420984,5.677393032745973,4.009525777827882
1.2752752752752752,3.5048266838380018,3.9781774935187473,4.410861231079516
1.2772772772772774,3.2737634921986754,3.067187624916806,3.975232196229494
1.2792792792792793,3.029754381317753,4.736955836552665,3.9393488498011737
1.2812812812812813,2.773764271920581,2.66846307717902,3.8232832499193057
1.2832832832832832,2.506805462938038,1.8417130943356403,3.0541234316719503
1.2852852852852852,2.2299336284254023,2.210510783666885,2.5499099568897337
1.2872872872872874,1.9442436429569416,2.4099253887809127,2.432347194365069
1.2892892892892893,1.6508652520042022,0.8230359383224706,2.032185424391838
1.2912912912912913,1.35095860441891,0.3973870901895592,1.3347434099873206
1.2932932932932932,1.0457096646878508,0.7899899387227349,0.9712748432017152
1.2952952952952952,0.7363255231007348,1.0603119117228075,0.9486522352634368
1.2972972972972974,0.4240296223775548,0.11529809236278349,0.7716658507483637
1.2992992992992993,0.1100569196311263,0.12493442842774571,0.45209735828783837
1.3013013013013013,-0.20435099720355432,-0.4249840546408357,0.1567717569237397
1.3033033033033032,-0.517950819161178,1.32108324686221,0.2996361241711918
1.3053053053053052,-0.8295024328435335,0.6021301829409348,0.6243158521075827
1.3073073073073074,-1.137773824380399,-1.016363506234181,0.21651936364827146
1.3093093093093093,-1.441545951361116,-3.4708275535104107,-0.9901043829432898
1.3113113113113113,-1.739617563471412,-3.855559505095945,-2.301186580465477
1.3133133133133132,-2.030809952772341,-2.822392854723903,-2.8101959677723487
1.3153153153153152,-2.3139716148364613,-3.011376436136743,-2.8625240489906774
1.3173173173173174,-2.587982802309407,-4.515607490503928,-3.3044258817914582
1.3193193193193193,-2.8517599528895095,-2.185659978327137,-3.3270896575370785
1.3213213213213213,-3.1042599742162085,-3.011482604840516,-2.969769939461104
1.3233233233233233,-3.3444843687216768,-3.7178322647414355,-3.1634522062332935
1.3253253253253252,-3.571483182135075,-2.911581239845183,-3.2376387117240037
1.3273273273273274,-3.7843587600249675,-3.6313303189204778,-3.254225122783383
1.3293293293293293,-3.9822692975246445,-3.0777779396123437,-3.3034339471408165
1.3313313313313313,-4.1644321682038585,-1.8951606762449762,-2.902733582944288
1.3333333333333333,-4.330127018922178,-6.237509122507139,-3.473450415588851
1.3353353353353352,-4.478698618426272,-4.29194776818612,-4.352026702064802
1.3373373373373374,-4.609559448426129,-3.896864677287552,-4.225670413265388
1.3393393393393394,-4.722192026904143,-4.1950552924121665,-4.137527021667118
1.3413413413413413,-4.816150954469557,-5.807119892796811,-4.561081504531959
1.3433433433433433,-4.891064675666035,-4.267644688682572,-4.794694918552646
1.3453453453453452,-4.946636948267465,-2.632012940462283,-4.135072320712769
1.3473473473473474,-4.982648014751684,-2.929107662740824,-3.4707186469848024
1.3493493493493494,-4.998955471319631,-5.615295195691466,-3.8638255543376747
1.3513513513513513,-4.995494831023408,-6.228461154846094,-4.873247988505671
1.3533533533533533,-4.972279778776389,-4.826025050093407,-5.194015948060042
1.3553553553553555,-4.929402117236977,-5.764621819939751,-5.243704692187898
1.3573573573573574,-4.867031403780013,-3.9517657889303024,-5.054621412802304
1.3593593593593594,-4.785414279991358,-4.393059294839365,-4.621920413387031
1.3613613613613613,-4.6848734963372,-3.887254310798422,-4.385627623043683
1.3633633633633633,-4.56580663586492,-3.9557955695509883,-4.157997068275091
1.3653653653653655,-4.428684541982642,-3.351657604411368,-3.910665230629231
1.3673673673673674,-4.274049456534632,-2.7627778177425233,-3.492070942096729
1.3693693693693694,-4.1025128755354485,-4.236171064306869,-3.4957021699055923
1.3713713713713713,-3.914753131042315,-3.2260073941332235,-3.611153532017677
1.3733733733733733,-3.7115127087280557,-7.8584794187342055,-4.558303970157743
1.3753753753753755,-3.4935953117618324,-3.8288473802885807,-5.188740058508071
1.3773773773773774,-3.261862682608961,-2.7990825444571916,-4.269210585932127
1.3793793793793794,-3.01723119531715,-3.879954114271389,-3.813220194283507
1.3813813813813813,-2.7606682317653544,-4.794383311719359,-4.07020360848677
1.3833833833833833,-2.4931883562049735,-1.8205287739467448,-3.696095339073544
1.3853853853853855,-2.2158493032206286,-2.322709292829573,-2.899331053235554
1.3873873873873874,-1.9297477949766555,0.034899519808832435,-2.0383391931653017
1.3893893893893894,-1.6360152042888512,-1.0925389080751666,-1.2979582953981201
1.3913913913913913,-1.335813080672614,-1.601024492962235,-1.3219049330787882
1.3933933933933933,-1.030328557058485,-1.7099688671775835,-1.4855231952366263
1.3953953953953955,-0.7207696553397938,-0.17130313689712195,-1.2182698940759702
1.3973973973973974,-0.40836050931605056,-1.065210748996428,-0.9239788115733568
1.3993993993993994,-0.0943365239223324,-0.3249107943550845,-0.8117003388519647
1.4014014014014013,0.2200605101118963,1.8798822768449561,-0.03224501054672674
1.4034034034034033,0.5335873268567676,2.473507768176641,1.0511838592609246
1.4054054054054055,0.8450041016092389,2.4366325052268274,1.7397543501496453
1.4074074074074074,1.1530793537122144,1.2590615634932294,1.7927710608506733
1.4094094094094094,1.4565948163777347,0.15678702595014338,1.260681330866136
1.4114114114114114,1.7543502542566372,1.3361009554896262,1.0084610026047227
1.4134134134134133,2.045168209703701,2.1028756221030416,1.3572017911967493
1.4154154154154155,2.327898658969776,2.7590058885711533,1.883843426993804
1.4174174174174174,2.6014235599079027,2.6007287226050737,2.2742728810390496
1.4194194194194194,2.8646612732100953,3.2723070547406974,2.5990872034828136
1.4214214214214214,3.116570839691067,4.677740599906839,3.273949100585359
1.4234234234234233,3.3561560967044874,2.537469428931324,3.4375988349464794
1.4254254254254255,3.5824696174139303,4.058523545318867,3.3691274361492636
1.4274274274274275,3.7946164573404477,3.6946735180832113,3.6180290936345902
1.4294294294294294,3.9917576933720236,3.9249267316622496,3.7120879039811068
1.4314314314314314,4.173113741239073,5.425063541716423,4.184369396122238
1.4334334334334333,4.337967438337986,4.58198608369379,4.586144280864924
1.4354354354354355,4.4856668797115775,3.8193607104529903,4.397080622404286
1.4374374374374375,4.615627995971562,5.208760445109743,4.454456313436021
1.4394394394394394,4.727336862969312,4.434902533586962,4.634644487708527
1.4414414414414414,4.820351734080745,4.252526778109338,4.491950809198147
1.4434434434434433,4.894304787069306,4.1929663971136115,4.359912989621221
1.4454454454454455,4.948903578618919,5.456037356777985,4.587782015301626
1.4474474474474475,4.983932200785171,5.654968783965195,5.0624245648018436
1.4494494494494494,4.999252134791502,3.0270396937112456,4.708586254699252
1.4514514514514514,4.994802798794138,4.376535453073382,4.2147771240356295
1.4534534534534533,4.970601787449698,5.089676466510418,4.469004226767262
1.4554554554554555,4.9267448023380815,5.413478450769922,4.852836480907818
1.4574574574574575,4.863405273515802,6.238434459511146,5.330127062857603
1.4594594594594594,4.780833673696262,3.7243159499255523,5.159073151998769
1.4614614614614614,4.679356527769073,3.8413563787342757,4.484063934082746
1.4634634634634633,4.559375121575176,4.204906556875549,4.257988289871701
1.4654654654654655,4.421363915043887,1.994512864942478,3.6898821244947446
1.4674674674674675,4.265868665966971,4.469039820408043,3.4651928970728294
1.4694694694694694,4.093504271829157,4.096780921242939,3.866262507452217
1.4714714714714714,3.904952338229592,2.9875759994663156,3.707307530126
1.4734734734734736,3.700958483509709,4.283274476685561,3.6720510952434355
1.4754754754754755,3.48232939024611,3.8042002586182253,3.854353752632065
1.4774774774774775,3.249929615268246,3.0535903196104264,3.6456772039794103
1.4794794794794794,3.00467817081564,1.2435635154936033,2.9113876139321717
1.4814814814814814,2.74754489035404,4.757698499732036,2.955159227333279
1.4834834834834836,2.47954659342194,1.926727455858735,3.144999241612676
1.4854854854854855,2.2017430646731024,1.82351290360497,2.5221558795402426
1.4874874874874875,1.9152328630158584,1.777909147703968,2.1683055391160604
1.4894894894894894,1.6211489774218557,1.2975757933685776,1.8590304014889751
1.4914914914914914,1.320654346583047,0.7942782626053316,1.460223889856008
1.4934934934934936,1.0149372601338023,0.9374808676943627,1.1687131243502165
1.4954954954954955,0.7052066596246074,2.189271338974514,1.3622852715686924
1.4974974974974975,0.39268735782837383,0.9789318889097162,1.4710805423890867
1.4994994994994995,0.07861519528521041,0.42201682276821795,1.0931178194241045
1.5015015015015014,-0.2357678467615079,-0.2893186291281822,0.5895138917316856
1.5035035035035036,-0.5492185577124999,0.549131113749566,0.3640880364730016
1.5055055055055055,-0.8604974138208301,-1.3863921275055042,-0.019815489249441154
1.5075075075075075,-1.1683734798212673,-0.2614698635164636,-0.4142136807376311
1.5095095095095095,-1.4716292765963996,-1.7979776948872872,-0.7161057196135212
1.5115115115115114,-1.7690655956316703,-2.000376391757178,-1.2963720953255824
1.5135135135135136,-2.0595062412199594,-4.87795927270728,-2.3473588712101234
1.5155155155155156,-2.3418026816632853,-1.085126338343541,-2.6584099513312682
1.5175175175175175,-2.614838591079013,-3.751417886930319,-2.540628452838283
1.5195195195195195,-2.877534263849438,-0.8703360119523644,-2.427941187481689
1.5215215215215214,-3.128850884259007,-2.751835857589168,-2.1253893846812986
1.5235235235235236,-3.367794634434323,-1.7025163417728897,-2.17531317796823
1.5255255255255256,-3.5934206243427,-3.1484894326988093,-2.298024863162385
1.5275275275275275,-3.804836628308336,-4.461911183516323,-3.0372560620549067
1.5295295295295295,-4.001206613270149,-3.783253278594655,-3.569580926947401
1.5315315315315314,-4.181754044828862,-4.7354692764705915,-3.9079006343482625
1.5335335335335336,-4.345764958009988,-4.656320189073444,-4.2943916855736965
1.5355355355355356,-4.49259078059934,-6.071604814013127,-4.818988950770257
1.5375375375375375,-4.621650897886539,-3.8204670918005035,-4.881302272036266
1.5395395395395395,-4.732434948674255,-5.985511144625992,-4.891939118166804
1.5415415415415414,-4.824504843473685,-4.7683574708331395,-5.129816915764964
1.5435435435435436,-4.897496496905586,-4.587051062254128,-4.908067167360249
1.5455455455455456,-4.951121267455993,-5.50120197542438,-4.974800816618994
1.5475475475475475,-4.9851670988934496,-4.302234350302727,-4.93895563486854
1.5495495495495495,-4.999499358833744,-4.209143652537266,-4.603830739952411
1.5515515515515514,-4.994061371136348,-5.263112383785056,-4.668719188014958
1.5535535535535536,-4.96887464002712,-3.5100098884489315,-4.530327844338776
1.5555555555555556,-4.924038765061041,-4.199156143818479,-4.1988922034684295
1.5575575575575575,-4.859731047261172,-5.888536826637232,-4.613320775012141
1.5595595595595595,-4.776205787991444,-5.627598306234969,-5.174789942978502
1.5615615615615615,-4.673793283335759,-4.244329116757468,-5.057651754443289
1.5635635635635636,-4.552898517960174,-4.138943530238453,-4.63289322521949
1.5655655655655656,-4.413999563623101,-3.779661725314413,-4.302514179713827
1.5675675675675675,-4.2576456886665675,-3.656466767466681,-4.01585636137408
1.5695695695695695,-4.084455185964548,-4.009704157505682,-3.9262118868965388
1.5715715715715715,-3.8951129279174657,-3.75062344268012,-3.903626472219883
1.5735735735735736,-3.6903676581616915,-5.328444365373946,-4.215522883998647
1.5755755755755756,-3.4710290307036202,-3.8674903081709657,-4.403102155066229
1.5775775775775776,-3.23796440818699,-2.518104846795805,-3.8094785614014484
1.5795795795795795,-2.9920954319546382,-3.482364923129446,-3.4125651329506406
1.5815815815815815,-2.734394377468154,-3.6228599898484024,-3.481254781012588
1.5835835835835836,-2.4658803094973716,-2.0150949625795787,-3.1564246176314548
1.5855855855855856,-2.187615052284535,-1.8101642105075362,-2.546374808837555
1.5875875875875876,-1.9006989906180114,-1.5728150582011196,-2.1270753871490173
1.5895895895895895,-1.6062667184207278,-0.4052659385071675,-1.5688982366076938
1.5915915915915915,-1.305482552060465,-1.335551678585492,-1.2263069483464029
1.5935935935935936,-0.9995359261240271,-1.509097513576865,-1.3224486160102764
1.5955955955955956,-0.6896366898632869,-0.09320508740570388,-1.0667655495013377
1.5975975975975976,-0.37701032291200676,-2.147947363937745,-1.093158316708409
1.5995995995995995,-0.06289308919371918,-0.5490578078975176,-1.218398182372976
1.6016016016016015,0.251472851816802,-0.6459783785894846,-0.9138722997393377
1.6036036036036037,0.5648443571453556,0.289261666197785,-0.5531214288892654
1.6056056056056056,0.8759822162593217,2.21310176092673,0.33184334388043485
1.6076076076076076,1.1836560514583956,0.7065947353557571,0.8851010422658349
1.6096096096096095,1.4866491833358442,1.7799430359227326,1.060773254249958
1.6116116116116117,1.7837634420711606,0.9453630905002445,1.2088376178570723
1.6136136136136137,2.073823905527023,2.7520907060492776,1.5226870250432716
1.6156156156156156,2.355683545415096,-0.34256969802236137,1.3667521575473738
1.6176176176176176,2.628227763156597,1.5733340058601726,0.9982242927543314
1.6196196196196195,2.8903787975018354,4.202026155211009,1.9249542709664944
1.6216216216216217,3.14109998647821,3.16821639066821,2.7882713900739966
1.6236236236236237,3.379399866813383,4.626941637616597,3.3323585483613516
1.6256256256256256,3.6043360946229273,1.1068069138734469,3.1040503589824446
1.6276276276276276,3.815019171857629,2.136700546492646,2.377021586256136
1.6296296296296295,4.010615963775202,3.6222052087181846,2.623451348040607
1.6316316316316317,4.190352993526129,6.2361785141429635,3.754358389928036
1.6336336336336337,4.353519500825644,4.052251408419927,4.436047667029813
1.6356356356356356,4.49947025261659,3.945372958580181,4.221594789780468
1.6376376376376376,4.627628094608384,3.7513611463649497,4.038536083088163
1.6396396396396395,4.737486233602139,4.905901891151468,4.180820511502146
1.6416416416416417,4.82861024157677,6.186974485942885,4.850621227813269
1.6436436436436437,4.900639773610885,5.97702197269364,5.454580309129328
1.6456456456456456,4.953289992847158,5.69892142371733,5.642624028354163
1.6476476476476476,4.986352696864162,5.240572763738089,5.557832291550472
1.6496496496496496,4.999697141001468,4.836049072889478,5.30302027953417
1.6516516516516517,4.993270555382281,5.023101593550461,5.119855037352135
1.6536536536536537,4.967098353589053,5.37141979602427,5.157820542389267
1.6556556556556556,4.921284032166845,4.2020658256407755,4.975816358801346
1.6576576576576576,4.856008761351887,4.94525390361566,4.778568833088885
1.6596596596596596,4.771530668643757,5.407737624972866,4.973741865805904
1.6616616616616617,4.668183818054225,4.462103130390545,4.954700913868231
1.6636636636636637,4.5463768890694425,3.6925844221535105,4.524379566172878
1.6656656656656657,4.4065915605490416,3.5695241883339213,4.086226260363375
1.6676676676676676,4.249380605953448,6.047991309644951,4.440609567473363
1.6696696696696696,4.075365707431317,3.8126269992550683,4.680794752278497
1.6716716716716717,3.8852349974114353,3.2514625748995547,4.117362129453155
1.6736736736736737,3.6797403374205198,3.57605492565292,3.772262578317155
1.6756756756756757,3.459694344887745,1.7312480524645721,3.2236123071225897
1.6776776776776776,3.225967179693493,4.020236689242743,3.0529909564966835
1.6796796796796796,2.9794831031694997,3.272253662497993,3.343967053079525
1.6816816816816818,2.7212168231578895,3.1465973190128156,3.277977840774285
1.6836836836836837,2.4521896395821097,3.473429492907616,3.293690470209046
1.6856856856856857,2.173465405771999,1.4379459244804562,2.882671442432544
1.6876876876876876,1.8861463215138852,2.3487830152603912,2.3974415497531107
1.6896896896896896,1.59136857446156,0.40023867425697346,1.8957200720226213
1.6916916916916918,1.2902978471442486,0.6379871762191911,1.2205293004807176
1.6936936936936937,0.9841247073385394,-0.24446160321825727,0.7183978797135986
1.6956956956956957,0.6740599000329486,0.41363210804582023,0.4075289162339656
1.6976976976976976,0.3613295596029423,-0.46075783644607443,0.19608936899890755
1.6996996996996996,0.047170361129506136,1.8008080550566974,0.4285427881942161
1.7017017017017018,-0.2671753699652852,-1.413200170030192,0.31340935837264894
1.7037037037037037,-0.5804645706261342,1.4426254682047854,0.16690622414842254
1.7057057057057057,-0.8914583557898481,-1.391637125799291,0.09754721104382241
1.7077077077077076,-1.1989269174886685,0.8665424707452434,-0.07906999590122443
1.7097097097097096,-1.5016543880587268,-0.8545943996459198,-0.037358062802169356
1.7117117117117118,-1.7984436482226727,-2.1886151216954968,-0.7653432947786193
1.7137137137137137,-2.0881210610323153,-3.47968491137307,-1.7800403417146329
1.7157157157157157,-2.3695411129522146,-2.3337896801806397,-2.3326565238142973
1.7177177177177176,-2.6415909437302436,-4.1544253316502076,-2.779700034568209
1.7197197197197196,-2.9031947471430026,-1.9930004888842365,-2.9239058676195326
1.7217217217217218,-3.1533180252127773,-3.2019668876275547,-2.7638040959211034
1.7237237237237237,-3.390971679073313,-5.066799375669608,-3.4360382324018968
1.7257257257257257,-3.615215920307543,-4.9395110541971885,-4.204669229998681
1.7277277277277276,-3.8251639872894367,-4.6547770923634335,-4.4952630624430965
1.7297297297297298,-4.019985651834703,-4.332154201814101,-4.49438147595511
1.7317317317317318,-4.198910502292691,-4.268061464055347,-4.399095198219606
1.7337337337337337,-4.361230990097434,-4.919713065957318,-4.494635749618876
1.7357357357357357,-4.50630522772972,-4.39242383367225,-4.5738143806843645
1.7377377377377377,-4.633559527026415,-2.215462624973889,-3.950974898520441
1.7397397397397398,-4.742490667798974,-3.7370693151387266,-3.472904974958228
1.7417417417417418,-4.832667887790202,-4.999250990901421,-3.912004856005897
1.7437437437437437,-4.903734586100199,-7.687283785891622,-5.104477253741225
1.7457457457457457,-4.955409733345096,-3.8880212705281587,-5.439557339402763
1.7477477477477477,-4.987488982972497,-3.927494554990682,-4.6882487041551775
1.7497497497497498,-4.999845479338735,-3.597960863413321,-4.234304210172049
1.7517517517517518,-4.992430359352611,-6.416151335501536,-4.613319345721626
1.7537537537537538,-4.965272945701839,-2.9946729805799013,-4.658488526448626
1.7557557557557557,-4.9184806308980535,-4.957407008840147,-4.323764889600948
1.7577577577577577,-4.852238452598993,-4.562664786560695,-4.537744716197149
1.7597597597597598,-4.766808361887151,-5.237257497171077,-4.715402654762757
1.7617617617617618,-4.662528187398535,-3.342113078864247,-4.506599120666041
1.7637637637637638,-4.539810299397734,-4.0337768662692435,-4.105070095357517
1.7657657657657657,-4.3991399790821575,-4.630154010736546,-4.216356486798553
1.7677677677677677,-4.241073499564032,-5.864226438659628,-4.721954201040805
1.7697697697697699,-4.0662359261186545,-2.363714932257629,-4.4237537595208405
1.7717717717717718,-3.8753186443980066,-4.213729358210996,-3.8670496386940423
1.7737737737737738,-3.669076626383647,-4.632194868843023,-4.139710559908181
1.7757757757757757,-3.448325444891329,-4.170649583316059,-4.268073471735643
1.7777777777777777,-3.213938048432729,-3.5333973264953427,-4.064011526743141
1.7797797797797799,-2.9668413091880907,-3.092301386199338,-3.6955855988614714
1.7817817817817818,-2.7080123577409516,-4.782343886420526,-3.8141514636445533
1.7837837837837838,-2.4384747190681875,-1.3431833218310067,-3.445614840991733
1.7857857857857857,-2.1592942650665155,-3.7265622903043276,-2.9989190507858225
1.7877877877877877,-1.871574999620105,-2.6698226944824297,-3.0966576024859864
1.7897897897897899,-1.5764546928775036,0.6293222141225392,-2.0782326347924722
1.7917917917917918,-1.275100382001558,-1.310824832967168,-1.22604226271972
1.7937937937937938,-0.968703756184509,-1.2622189320881128,-1.2557059770597574
1.7957957957957957,-0.6584764441781539,-1.7073985797824023,-1.3680750595482956
1.7977977977977977,-0.3456452229739384,-0.22734012556339325,-1.1715391080835678
1.7997997997997999,-0.03144716658033406,-1.882880944123511,-1.114433855957617
1.8018018018018018,0.2828752459189514,-0.14641640971148323,-1.065491765120796
1.8038038038038038,0.5960790436808415,0.8467874848981864,-0.37113807641113505
1.8058058058058057,0.9069256793632505,1.198110760240882,0.31238097859922664
1.8078078078078077,1.2141859268929163,0.4633833214666311,0.5666263399808601
1.8098098098098099,1.5166447423731335,2.185463623322441,0.9383065478758685
1.8118118118118118,1.813106068908321,1.3527050159153862,1.3457819020415585
1.8138138138138138,2.1023975663460446,3.338708718783767,1.8362196499403074
1.8158158158158157,2.383375247232129,2.22710119629691,2.300544700655661
1.8178178178178177,2.654928000646581,3.3259928212019,2.5340117187575544
1.8198198198198199,2.9159819860313636,1.8897062373758227,2.5702272856882127
1.8218218218218218,3.1655048796340917,4.036224745931263,2.7628553807254224
1.8238238238238238,3.402509956776263,3.6418299378221484,3.290690339637797
1.8258258258258258,3.6260599938019773,1.2952006950120158,2.8874344146867092
1.8278278278278277,3.835270974277975,2.5420593439108767,2.4122605144107765
1.82982982982983,4.029315584788341,3.857707355084665,2.7985694704179935
1.8318318318318318,4.207426486500238,4.042862657704633,3.3634566302364264
1.8338338338338338,4.368899349563641,4.096826787483226,3.7099220123179606
1.8358358358358358,4.513095638345162,3.2422377015340476,3.690111859106658
1.8378378378378377,4.639445136482534,2.4992866426218696,3.288241689654376
1.83983983983984,4.747448201774063,3.02027591341691,3.029045306797717
1.8418418418418419,4.8366777419864535,5.136165635552865,3.5436391727130543
1.8438438438438438,4.906780903767796,3.8770530736871893,4.015951539834145
1.8458458458458458,4.957480467986921,4.6093930617078085,4.127422440305637
1.8478478478478477,4.988575945981305,7.005683170905366,4.951476421289566
1.84984984984985,4.99994437237857,3.910057176796286,5.19984966945588
1.8518518518518519,4.991540791356341,4.370843991926529,4.680241379388154
1.8538538538538538,4.963398434417603,3.3135178869421678,4.26919406180531
1.8558558558558558,4.915628588978526,6.905745261705744,4.681407272985913
1.8578578578578577,4.848420158288448,5.6400877781799,5.462002055512563
1.85985985985986,4.762038914422253,4.696507548190643,5.317947525704322
1.8618618618618619,4.656826447299272,3.5455189351411205,4.73088172075586
1.8638638638638638,4.533198813884454,4.035256454928174,4.269593336237073
1.8658658658658658,4.391644892913859,4.800665800470406,4.342363962064008
1.867867867867868,4.232724451650308,3.151854054233004,4.162799250200214
1.86986986986987,4.057065932314323,4.858958027755574,4.0856018866623085
1.8718718718718719,3.8653639669435917,3.262375623220823,4.073371873741108
1.8738738738738738,3.658376630508406,4.033700496165681,3.8647564624811657
1.8758758758758758,3.4369224431455776,3.771868749293308,3.883408307285518
1.877877877877878,3.2018771333651417,3.8723157246474367,3.8533343352589284
1.87987987987988,2.954170175029786,2.924663076157456,3.630244470285459
1.8818818818818819,2.6947811118010905,2.909918885335037,3.2805589279723355
1.8838838838838838,2.4247356835874605,3.383147746209533,3.2148227760722814
1.8858858858858858,2.1451017703116686,1.6353170360158065,2.868748649168163
1.887887887887888,1.856985169037826,1.547291790314414,2.2421947617186326
1.88988988988989,1.5615252211574469,1.6302366640365542,1.9217037140019668
1.8918918918918919,1.25989030692564,1.2185001539968612,1.6777734038387706
1.8938938938938938,0.9532732251653518,1.444897448801708,1.5080326187658695
1.8958958958958958,0.6428864764093524,1.1108555993941844,1.3951469116875022
1.897897897897898,0.32995746813309124,0.062409776771227166,0.9985912612875788
1.8998998998999,0.015723661038685575,0.5965328657698357,0.6704049594734027
1.901901901901902,-0.2985723244160306,1.3861196054319138,0.8278086781296987
1.9039039039039038,-0.6116876218922523,0.3574643502490754,0.8493813672851032
1.9059059059059058,-0.9223840340174484,-0.9888337030268906,0.2779461232047885
1.907907907907908,-1.229432928769258,-0.7655340956124487,-0.28861575536838535
1.90990990990991,-1.5316200980339096,-0.32318866947214575,-0.41405247690027513
1.911911911911912,-1.8277505591260734,-1.6052039225176296,-0.6838840192841235
1.9139139139139139,-2.1166532802826374,-2.8394895774879014,-1.438460835602923
1.9159159159159158,-2.397185811444033,-2.2702062771952227,-1.9860202926136536
1.917917917917918,-2.6682388020106136,-2.548264966408735,-2.1935966409643646
1.91991991991992,-2.928740387709187,-2.675264597803152,-2.3986974720265306
1.921921921921922,-3.1776604292218993,-2.8855617919378305,-2.585919319609331
1.9239239239239239,-3.4140145858159396,-3.7572742576680227,-2.946662716436589
1.9259259259259258,-3.636868207865228,-3.9981701018960583,-3.403323688214907
1.927927927927928,-3.8453400328715825,-3.3008388522827614,-3.5240690999812356
1.92992992992993,-4.038605670369025,-4.2391252999811035,-3.6446831564222357
1.931931931931932,-4.215900861931095,-2.943212311365415,-3.618435729293034
1.9339339339339339,-4.376524503389059,-4.666917995627302,-3.709972712240273
1.9359359359359358,-4.519841417310069,-5.449343040325719,-4.371209806019331
1.937937937937938,-4.645284864771812,-3.8113530803469993,-4.498310524824273
1.93993993993994,-4.752358786500551,-6.210735383812013,-4.749793359419338
1.941941941941942,-4.840639764510594,-3.975092659580312,-4.9180853120187376
1.9439439439439439,-4.90977869648753,-3.268133602934938,-4.282198701916953
1.9459459459459458,-4.9595021762943805,-5.716122551654054,-4.385163717943168
1.947947947947948,-4.989613575141216,-4.473442533840309,-4.733213692069208
1.94994994994995,-4.999993819142987,-4.633045015556816,-4.6449430277423165
1.951951951951952,-4.990601860190732,-6.2636593002871495,-5.03899475973926
1.9539539539539539,-4.9614748382740705,-6.4089091492905315,-5.675282226985066
1.9559559559559558,-4.912727934613145,-4.010037666680868,-5.446814855864821
1.957957957957958,-4.844553916180752,-5.1587670873737554,-5.0238234829565975
1.95995995995996,-4.757222373415882,-3.5633846731108876,-4.6987626504166675
1.961961961961962,-4.651078654143025,-5.30606021053375,-4.569257647790957
1.9639639639639639,-4.5265424979129945,-3.9879009727300536,-4.607378773735314
1.9659659659659658,-4.384106376165787,-6.43848607081791,-4.904515489969225
1.967967967967968,-4.2243335447791,-3.761918923936134,-5.000494986967345
1.96996996996997,-4.047855816703719,-4.045505792226259,-4.462551020062092
1.971971971971972,-3.855371063493633,-3.7706821505557433,-4.190603948340493
1.973973973973974,-3.6476404556109623,-3.5590185573880753,-3.932735190465873
1.9759759759759759,-3.4254854524189366,-3.1411860529337705,-3.646968587936163
1.977977977977978,-3.1897845537655507,-3.619191389730034,-3.516119852779502
1.97997997997998,-2.9414698260040284,-3.5000990444196876,-3.537467936267859
1.981981981981982,-2.681523216186928,-2.6589760053006946,-3.3128647235698514
1.983983983983984,-2.410972669010268,-2.0667873021074734,-2.8469222043895366
1.985985985985986,-2.1308880618621884,-0.4136349109436659,-2.0588713008723944
1.987987987987988,-1.8423769740512428,-1.8940513095575102,-1.6149780058822936
1.98998998998999,-1.546580306944352,0.3201253282407992,-1.2088577134784688
1.991991991991992,-1.2446677723344803,-1.4171517305975057,-0.884975535629249
1.993993993993994,-0.9378332668792231,-1.769915996423911,-1.232505363003887
1.995995995995996,-0.6272901509014626,-0.7379778174160486,-1.243021894618278
1.997997997997998,-0.3142664502224069,-0.29879752371297225,-0.887607249294553
2.0,-1.2246467991473532e-14,-0.8504166691145774,-0.7340886400021782
